,KB,우리,하나,신한,DGB,BNK,JB,메리츠,한국금융,기업,제주,카카오
2022-01-03,55300.0,12800.0,42350.0,37250.0,9330.0,8390.0,8260.0,45500.0,79800.0,10350.0,6070.0,59100.0
2022-01-04,56400.0,13000.0,42700.0,37600.0,9390.0,8470.0,8370.0,48000.0,79700.0,10400.0,6090.0,57300.0
2022-01-05,56600.0,13050.0,43000.0,37500.0,9480.0,8550.0,8390.0,47000.0,78900.0,10450.0,6260.0,55600.0
2022-01-06,55800.0,12850.0,43200.0,37300.0,9440.0,8480.0,8340.0,46800.0,76800.0,10350.0,6150.0,56000.0
2022-01-07,55700.0,13100.0,43450.0,37650.0,9490.0,8560.0,8340.0,49300.0,78800.0,10350.0,6390.0,55000.0
2022-01-10,57800.0,13950.0,45400.0,38550.0,9730.0,8830.0,8600.0,48250.0,80600.0,10650.0,6670.0,51100.0
2022-01-11,60000.0,14550.0,46700.0,39000.0,9680.0,8800.0,8710.0,49350.0,78600.0,10750.0,6580.0,49350.0
2022-01-12,61900.0,14900.0,46550.0,39750.0,9700.0,8800.0,8760.0,51400.0,82300.0,10800.0,6630.0,49300.0
2022-01-13,62300.0,15000.0,46900.0,39450.0,9670.0,8920.0,8780.0,53700.0,81600.0,10750.0,6580.0,48850.0
2022-01-14,62200.0,15000.0,46200.0,39300.0,9770.0,8870.0,8680.0,51900.0,79600.0,10800.0,6500.0,46300.0
2022-01-17,61200.0,14800.0,45100.0,38850.0,9640.0,8580.0,8530.0,54500.0,78600.0,10650.0,6830.0,45100.0
2022-01-18,61700.0,14900.0,45450.0,38900.0,9590.0,8590.0,8450.0,51800.0,77700.0,10650.0,6820.0,43300.0
2022-01-19,61900.0,15050.0,46950.0,39500.0,9680.0,8640.0,8470.0,51100.0,77500.0,10650.0,6690.0,41800.0
2022-01-20,59500.0,14800.0,45350.0,38800.0,9510.0,8430.0,8390.0,51200.0,77800.0,10450.0,6690.0,42750.0
2022-01-21,60300.0,14850.0,45550.0,39250.0,9600.0,8500.0,8440.0,50900.0,76500.0,10500.0,6440.0,43800.0
2022-01-24,58800.0,14500.0,44350.0,38350.0,9450.0,8300.0,8290.0,50000.0,75800.0,10300.0,6120.0,42000.0
2022-01-25,57100.0,14000.0,43100.0,37700.0,9100.0,7970.0,8100.0,48500.0,74300.0,10150.0,6110.0,40250.0
2022-01-26,59100.0,14350.0,44400.0,38300.0,9230.0,8020.0,8120.0,46950.0,72900.0,10300.0,6150.0,40550.0
2022-01-27,58000.0,14300.0,44100.0,38100.0,9160.0,7930.0,8040.0,44750.0,70600.0,10200.0,6190.0,39650.0
2022-01-28,59500.0,14650.0,45000.0,38150.0,9230.0,8040.0,8130.0,43500.0,72500.0,10350.0,6260.0,41000.0
2022-01-31,59400.0,14650.0,44850.0,38600.0,9270.0,8070.0,8200.0,45750.0,75400.0,10350.0,6370.0,41350.0
2022-02-01,59400.0,14650.0,44850.0,38600.0,9270.0,8070.0,8200.0,45750.0,75400.0,10350.0,6370.0,41350.0
2022-02-02,59400.0,14650.0,44850.0,38600.0,9270.0,8070.0,8200.0,45750.0,75400.0,10350.0,6370.0,41350.0
2022-02-03,59400.0,14650.0,44850.0,38600.0,9270.0,8070.0,8200.0,45750.0,75400.0,10350.0,6370.0,41350.0
2022-02-04,60900.0,15350.0,46000.0,39450.0,9550.0,8280.0,8400.0,45300.0,76800.0,10700.0,6570.0,42100.0
2022-02-07,61200.0,15100.0,46250.0,39700.0,9630.0,8350.0,8450.0,44800.0,77000.0,10650.0,6790.0,42350.0
2022-02-08,60700.0,15200.0,46150.0,39650.0,9650.0,8330.0,8360.0,44300.0,77700.0,10550.0,6640.0,44650.0
2022-02-09,63800.0,15850.0,48000.0,40600.0,9850.0,8610.0,8570.0,44550.0,80000.0,11000.0,6890.0,44200.0
2022-02-10,65500.0,15550.0,48600.0,40500.0,9780.0,8540.0,8500.0,41550.0,79600.0,11050.0,6720.0,42800.0
2022-02-11,65800.0,15150.0,51200.0,41100.0,9980.0,8500.0,8490.0,42150.0,79800.0,11150.0,6860.0,42150.0
2022-02-14,64600.0,14700.0,50000.0,40400.0,9760.0,8340.0,8480.0,42000.0,78600.0,11050.0,6420.0,43950.0
2022-02-15,64500.0,14500.0,49700.0,40450.0,9510.0,8190.0,8360.0,39900.0,77800.0,10950.0,6240.0,44200.0
2022-02-16,64600.0,14650.0,50600.0,41100.0,9700.0,8300.0,8420.0,39100.0,78300.0,11050.0,6460.0,46450.0
2022-02-17,65100.0,14900.0,52400.0,41250.0,9680.0,8350.0,8450.0,38450.0,79500.0,11150.0,6390.0,49400.0
2022-02-18,63700.0,14850.0,52100.0,41250.0,9630.0,8280.0,8380.0,38400.0,79700.0,11150.0,6400.0,49350.0
2022-02-21,63300.0,14500.0,51400.0,41250.0,9580.0,8140.0,8300.0,38150.0,79300.0,11150.0,6310.0,48900.0
2022-02-22,62600.0,14600.0,51200.0,40650.0,9350.0,7970.0,8210.0,40150.0,77800.0,10900.0,6160.0,47250.0
2022-02-23,62200.0,14400.0,50800.0,40700.0,9340.0,7980.0,8230.0,39650.0,80200.0,10900.0,6290.0,47100.0
2022-02-24,61000.0,14250.0,49550.0,39800.0,9230.0,7790.0,8140.0,38500.0,78200.0,10600.0,6050.0,46900.0
2022-02-25,58900.0,14200.0,48800.0,38950.0,9190.0,7780.0,8140.0,39450.0,78300.0,10450.0,6080.0,47750.0
2022-02-28,59700.0,14300.0,48700.0,39050.0,9480.0,7880.0,8220.0,36850.0,79200.0,10750.0,6050.0,48000.0
2022-03-01,57300.0,13700.0,46450.0,38200.0,9070.0,7600.0,8070.0,35950.0,78800.0,10500.0,6080.0,47900.0
2022-03-02,57300.0,13700.0,46450.0,38200.0,9070.0,7600.0,8070.0,35950.0,78800.0,10500.0,6080.0,47900.0
2022-03-03,58400.0,14150.0,47250.0,38550.0,9100.0,7700.0,8210.0,35050.0,80000.0,10700.0,6110.0,48600.0
2022-03-04,57500.0,13950.0,46750.0,38200.0,9100.0,7700.0,8140.0,33950.0,79100.0,10550.0,6050.0,48700.0
2022-03-07,55000.0,13450.0,45300.0,37200.0,8930.0,7470.0,8070.0,32800.0,76200.0,10350.0,5950.0,47350.0
2022-03-08,53200.0,13500.0,44300.0,36400.0,8820.0,7330.0,7950.0,31700.0,77400.0,10300.0,5880.0,48000.0
2022-03-09,54600.0,14050.0,45650.0,37100.0,9000.0,7490.0,8080.0,31550.0,78500.0,10500.0,5910.0,48150.0
2022-03-10,54600.0,14050.0,45650.0,37100.0,9000.0,7490.0,8080.0,31550.0,78500.0,10500.0,5910.0,48150.0
2022-03-11,55000.0,14050.0,46550.0,37350.0,9080.0,7600.0,7960.0,31500.0,76500.0,10550.0,6000.0,48900.0
2022-03-14,55800.0,14250.0,46400.0,37650.0,9070.0,7610.0,8100.0,31750.0,76100.0,10550.0,6200.0,49800.0
2022-03-15,56700.0,14450.0,47450.0,37900.0,8980.0,7620.0,8070.0,34100.0,74400.0,10450.0,6300.0,52500.0
2022-03-16,56900.0,14500.0,47200.0,37900.0,9090.0,7660.0,8070.0,33700.0,74700.0,10550.0,6300.0,52600.0
2022-03-17,57900.0,14650.0,47800.0,38300.0,9220.0,7700.0,8090.0,34100.0,77100.0,10600.0,6300.0,52100.0
2022-03-18,57500.0,14800.0,47750.0,38200.0,9250.0,7760.0,8040.0,34600.0,76300.0,10600.0,6280.0,52800.0
2022-03-21,57400.0,14550.0,47400.0,38200.0,9230.0,7720.0,8200.0,34050.0,76000.0,10550.0,6250.0,50500.0
2022-03-22,58600.0,14900.0,48200.0,38700.0,9250.0,7780.0,8220.0,34500.0,77000.0,10750.0,6360.0,50900.0
2022-03-23,61100.0,15100.0,49350.0,39700.0,9270.0,7880.0,8370.0,36150.0,77700.0,10750.0,6510.0,52300.0
2022-03-24,61400.0,15200.0,49750.0,39800.0,9280.0,7850.0,8390.0,37800.0,76800.0,10800.0,6500.0,51400.0
2022-03-25,60900.0,15100.0,49350.0,40100.0,9300.0,7850.0,8310.0,36150.0,76300.0,10900.0,6520.0,51000.0
2022-03-28,61200.0,15250.0,49250.0,41100.0,9420.0,7960.0,8430.0,37150.0,76000.0,10900.0,6760.0,50000.0
2022-03-29,60600.0,15450.0,49050.0,41300.0,9430.0,7970.0,8460.0,38600.0,76000.0,10950.0,6730.0,49750.0
2022-03-30,60000.0,15200.0,48450.0,41200.0,9400.0,7910.0,8420.0,39050.0,76800.0,10850.0,6530.0,50300.0
2022-03-31,61300.0,15350.0,48600.0,41500.0,9340.0,7960.0,8450.0,40650.0,78400.0,10850.0,6550.0,51600.0
2022-04-01,60800.0,15350.0,48400.0,41450.0,9320.0,7960.0,8420.0,40600.0,77400.0,10950.0,6560.0,50900.0
2022-04-04,61100.0,15300.0,48500.0,41500.0,9310.0,8030.0,8500.0,40700.0,78200.0,11000.0,6530.0,50800.0
2022-04-05,59500.0,14850.0,47100.0,40400.0,9170.0,7870.0,8510.0,39300.0,77500.0,10800.0,6430.0,49800.0
2022-04-06,59700.0,15000.0,47450.0,40800.0,9300.0,8000.0,8560.0,40600.0,76300.0,10950.0,6500.0,48350.0
2022-04-07,58200.0,15150.0,46700.0,40300.0,9260.0,7880.0,8570.0,40350.0,75300.0,10950.0,6330.0,46200.0
2022-04-08,58200.0,15200.0,46350.0,40250.0,9240.0,7920.0,8520.0,39800.0,75900.0,11000.0,6300.0,46100.0
2022-04-11,59600.0,15450.0,47000.0,41150.0,9330.0,8030.0,8700.0,40800.0,76600.0,11250.0,6480.0,45350.0
2022-04-12,59600.0,15450.0,46900.0,40950.0,9290.0,7970.0,8690.0,41200.0,75100.0,11200.0,6370.0,45300.0
2022-04-13,59700.0,15300.0,47200.0,40450.0,9240.0,7980.0,8720.0,41400.0,75700.0,11150.0,6350.0,46850.0
2022-04-14,59800.0,15400.0,47100.0,40750.0,9150.0,7980.0,8720.0,42350.0,75300.0,11150.0,6370.0,46700.0
2022-04-15,59400.0,15200.0,46900.0,40300.0,9120.0,7910.0,8720.0,41000.0,74700.0,11000.0,6300.0,46200.0
2022-04-18,59600.0,15250.0,46700.0,40150.0,9080.0,7850.0,8720.0,39950.0,74700.0,11050.0,6230.0,45400.0
2022-04-19,59700.0,15800.0,47600.0,40650.0,9210.0,7990.0,8740.0,41000.0,75200.0,11200.0,6260.0,45600.0
2022-04-20,60000.0,16000.0,47750.0,40950.0,9170.0,7960.0,8820.0,37800.0,74700.0,11350.0,6390.0,45150.0
2022-04-21,60300.0,16200.0,48050.0,41350.0,9170.0,7980.0,8850.0,38600.0,75700.0,11450.0,6380.0,45050.0
2022-04-22,61900.0,16200.0,48750.0,42150.0,9210.0,8040.0,9010.0,38000.0,74500.0,11600.0,6500.0,43600.0
2022-04-25,60000.0,15800.0,47450.0,42050.0,9200.0,8000.0,9010.0,37300.0,72500.0,11550.0,6470.0,42450.0
2022-04-26,60000.0,15700.0,47250.0,41700.0,9060.0,7910.0,9000.0,38150.0,71700.0,11200.0,6380.0,43250.0
2022-04-27,57900.0,15300.0,46250.0,41200.0,8860.0,7700.0,8850.0,38100.0,69500.0,11000.0,6160.0,42250.0
2022-04-28,59100.0,15300.0,47600.0,42450.0,8910.0,7810.0,8900.0,39200.0,70500.0,11250.0,6200.0,42950.0
2022-04-29,58500.0,14750.0,47000.0,42150.0,8940.0,7880.0,8950.0,37850.0,70600.0,11250.0,6350.0,42350.0
2022-05-02,58300.0,14950.0,46600.0,41700.0,8850.0,7890.0,8860.0,38050.0,70000.0,11250.0,6280.0,41100.0
2022-05-03,58600.0,15200.0,46250.0,41650.0,8850.0,7890.0,8790.0,37050.0,71000.0,11350.0,6270.0,41250.0
2022-05-04,59900.0,15350.0,47300.0,42500.0,8870.0,7890.0,8780.0,36500.0,71100.0,11450.0,6320.0,41450.0
2022-05-05,59600.0,15300.0,47100.0,42250.0,9030.0,7900.0,8700.0,35750.0,70100.0,11300.0,6320.0,40100.0
2022-05-06,59600.0,15300.0,47100.0,42250.0,9030.0,7900.0,8700.0,35750.0,70100.0,11300.0,6320.0,40100.0
2022-05-09,58900.0,15300.0,47500.0,42400.0,8920.0,7870.0,8610.0,34850.0,69900.0,11300.0,6150.0,40900.0
2022-05-10,58000.0,14950.0,45950.0,41100.0,8860.0,7770.0,8630.0,33950.0,68600.0,11100.0,6150.0,40050.0
2022-05-11,56900.0,14650.0,44500.0,40450.0,8610.0,7540.0,8530.0,30900.0,67500.0,10900.0,6100.0,40100.0
2022-05-12,57700.0,15050.0,44650.0,41000.0,8500.0,7530.0,8540.0,30150.0,66500.0,10950.0,6010.0,37950.0
2022-05-13,58300.0,15700.0,45900.0,42300.0,8560.0,7680.0,8600.0,30350.0,68400.0,11200.0,6070.0,38450.0
2022-05-16,58700.0,15700.0,46450.0,42350.0,8560.0,7700.0,8670.0,30000.0,68800.0,11150.0,6080.0,38850.0
2022-05-17,58000.0,15700.0,46250.0,42400.0,8670.0,7750.0,8870.0,31050.0,69100.0,11250.0,6060.0,40000.0
2022-05-18,58000.0,14900.0,46200.0,42050.0,8740.0,7720.0,8820.0,31700.0,69200.0,11050.0,6060.0,39400.0
2022-05-19,56700.0,14200.0,45300.0,40700.0,8520.0,7540.0,8710.0,30600.0,67400.0,11000.0,5950.0,38650.0
2022-05-20,57800.0,14600.0,46950.0,41700.0,8560.0,7620.0,8690.0,30700.0,69400.0,11000.0,6030.0,39950.0
2022-05-23,58300.0,14650.0,47400.0,41600.0,8550.0,7630.0,8770.0,32000.0,70100.0,11050.0,5970.0,40000.0
2022-05-24,59400.0,14800.0,47650.0,42000.0,8560.0,7710.0,8770.0,31300.0,69500.0,11100.0,5880.0,39400.0
2022-05-25,59600.0,14800.0,47850.0,42350.0,8600.0,7800.0,8860.0,32550.0,69100.0,11100.0,5860.0,40150.0
2022-05-26,59200.0,14850.0,48200.0,42350.0,8660.0,7750.0,8870.0,31800.0,69100.0,11150.0,5860.0,40650.0
2022-05-27,59800.0,14900.0,49050.0,42900.0,8750.0,7840.0,8830.0,32750.0,70400.0,11250.0,5930.0,41250.0
2022-05-30,60000.0,14950.0,49500.0,43200.0,8770.0,7890.0,8860.0,31950.0,71200.0,11250.0,5890.0,41300.0
2022-05-31,60400.0,14900.0,49500.0,43050.0,8680.0,7890.0,8940.0,32700.0,71600.0,11250.0,5860.0,40650.0
2022-06-01,58200.0,14600.0,47600.0,42350.0,8680.0,7770.0,8840.0,31850.0,70500.0,11150.0,5880.0,39850.0
2022-06-02,58200.0,14600.0,47600.0,42350.0,8680.0,7770.0,8840.0,31850.0,70500.0,11150.0,5880.0,39850.0
2022-06-03,58200.0,14600.0,47600.0,42450.0,8670.0,7810.0,8850.0,31800.0,71200.0,11150.0,5860.0,41150.0
2022-06-06,57400.0,14600.0,46750.0,41700.0,8600.0,7720.0,8810.0,30800.0,69200.0,11050.0,5750.0,41500.0
2022-06-07,57400.0,14600.0,46750.0,41700.0,8600.0,7720.0,8810.0,30800.0,69200.0,11050.0,5750.0,41500.0
2022-06-08,57400.0,14750.0,46750.0,41800.0,8640.0,7770.0,8840.0,30450.0,69100.0,11050.0,5810.0,40400.0
2022-06-09,57100.0,14900.0,46550.0,42500.0,8530.0,7690.0,8600.0,30450.0,69500.0,11000.0,5820.0,41050.0
2022-06-10,55400.0,14750.0,46000.0,42200.0,8450.0,7600.0,8480.0,29950.0,69100.0,10850.0,5810.0,39150.0
2022-06-13,53800.0,14050.0,44700.0,40550.0,8180.0,7400.0,8180.0,28750.0,66600.0,10600.0,5540.0,36000.0
2022-06-14,54800.0,14350.0,45150.0,40950.0,8460.0,7550.0,8590.0,28000.0,65800.0,10750.0,5630.0,35350.0
2022-06-15,54000.0,14000.0,44300.0,40750.0,8300.0,7470.0,8210.0,27250.0,62800.0,10600.0,5670.0,35800.0
2022-06-16,52800.0,13900.0,43950.0,40550.0,8070.0,7400.0,8090.0,28100.0,63400.0,10500.0,5800.0,36450.0
2022-06-17,52100.0,13650.0,42600.0,40050.0,7870.0,7290.0,7940.0,27650.0,62500.0,10450.0,5800.0,36150.0
2022-06-20,51400.0,13400.0,41950.0,39750.0,7650.0,7080.0,7830.0,26450.0,60700.0,10250.0,5660.0,35600.0
2022-06-21,50800.0,13300.0,42200.0,39600.0,7750.0,7070.0,8000.0,27150.0,61500.0,10300.0,5620.0,36100.0
2022-06-22,48650.0,12800.0,40000.0,39050.0,7510.0,6820.0,7650.0,25900.0,59700.0,10000.0,5400.0,34000.0
2022-06-23,47900.0,12500.0,40050.0,37750.0,7390.0,6670.0,7340.0,25600.0,59700.0,9840.0,4995.0,33750.0
2022-06-24,49000.0,12850.0,40300.0,38700.0,7570.0,6850.0,7680.0,26600.0,61100.0,10000.0,5110.0,34800.0
2022-06-27,48900.0,12500.0,39800.0,38500.0,7600.0,6820.0,7550.0,27150.0,62400.0,9940.0,5190.0,34550.0
2022-06-28,49400.0,12550.0,40750.0,39000.0,7640.0,6810.0,7580.0,26850.0,63400.0,9940.0,5180.0,33750.0
2022-06-29,48100.0,12050.0,39900.0,37850.0,7660.0,6730.0,7370.0,25950.0,62100.0,9810.0,5100.0,31100.0
2022-06-30,48150.0,12100.0,39350.0,37050.0,7610.0,6710.0,7350.0,25850.0,61700.0,9620.0,5040.0,30250.0
2022-07-01,48200.0,12000.0,39800.0,37900.0,7800.0,6820.0,7440.0,26200.0,62100.0,9680.0,4880.0,28950.0
2022-07-04,46950.0,11650.0,38350.0,37250.0,7710.0,6720.0,7190.0,25900.0,62400.0,9440.0,4525.0,29450.0
2022-07-05,47300.0,11900.0,38950.0,37300.0,7880.0,6820.0,7310.0,27050.0,63000.0,9540.0,4565.0,30600.0
2022-07-06,45650.0,11300.0,37550.0,35450.0,7740.0,6550.0,7050.0,26500.0,62200.0,9150.0,4315.0,31300.0
2022-07-07,46050.0,11450.0,36800.0,35050.0,7790.0,6540.0,7110.0,26600.0,61700.0,9100.0,4335.0,31750.0
2022-07-08,47000.0,11600.0,37200.0,36250.0,7790.0,6630.0,7130.0,26600.0,61600.0,9210.0,4395.0,31300.0
2022-07-11,46850.0,11550.0,36550.0,35850.0,7710.0,6580.0,7180.0,26400.0,61000.0,9210.0,4290.0,31200.0
2022-07-12,46100.0,11350.0,36050.0,35600.0,7500.0,6490.0,7040.0,25400.0,60000.0,9150.0,4135.0,30000.0
2022-07-13,45300.0,11450.0,35650.0,34600.0,7580.0,6450.0,7070.0,25400.0,60100.0,9070.0,4420.0,31600.0
2022-07-14,45350.0,11300.0,34800.0,34000.0,7520.0,6380.0,7160.0,24800.0,58000.0,9030.0,4375.0,30900.0
2022-07-15,44050.0,11000.0,33850.0,33400.0,7340.0,6240.0,7000.0,23250.0,56600.0,8880.0,4620.0,29900.0
2022-07-18,46150.0,11650.0,35600.0,34650.0,7570.0,6510.0,7180.0,24150.0,60500.0,9170.0,5640.0,30600.0
2022-07-19,46300.0,11600.0,35650.0,34600.0,7490.0,6490.0,7220.0,24900.0,59200.0,9200.0,6350.0,30600.0
2022-07-20,48500.0,11950.0,36600.0,35550.0,7690.0,6620.0,7280.0,25150.0,61400.0,9340.0,6570.0,30850.0
2022-07-21,48650.0,12200.0,37400.0,35850.0,7830.0,6660.0,7400.0,25400.0,63000.0,9390.0,6090.0,31300.0
2022-07-22,47750.0,12050.0,36150.0,35650.0,7820.0,6660.0,7420.0,25100.0,62500.0,9340.0,5930.0,30900.0
2022-07-25,47850.0,11950.0,36250.0,36000.0,7700.0,6670.0,7340.0,25400.0,62400.0,9390.0,5700.0,30450.0
2022-07-26,47700.0,11900.0,35900.0,35750.0,7680.0,6620.0,7340.0,25300.0,62400.0,9300.0,5650.0,30050.0
2022-07-27,47700.0,11850.0,36100.0,35650.0,7700.0,6660.0,7390.0,25000.0,62500.0,9320.0,5670.0,29900.0
2022-07-28,47650.0,11750.0,36800.0,35700.0,7760.0,6770.0,7450.0,25400.0,62200.0,9350.0,5620.0,30050.0
2022-07-29,48450.0,11900.0,37200.0,35700.0,7720.0,6790.0,7460.0,26250.0,63100.0,9390.0,5520.0,30900.0
2022-08-01,47950.0,11750.0,36900.0,35050.0,7700.0,6750.0,7460.0,25900.0,62300.0,9340.0,5410.0,30800.0
2022-08-02,47500.0,11750.0,36900.0,35150.0,7560.0,6640.0,7250.0,26100.0,61800.0,9300.0,5360.0,30350.0
2022-08-03,47700.0,11850.0,36850.0,35250.0,7520.0,6640.0,7230.0,27350.0,61700.0,9310.0,5450.0,31400.0
2022-08-04,48100.0,11750.0,37200.0,35450.0,7500.0,6670.0,7220.0,28000.0,60600.0,9300.0,5530.0,32900.0
2022-08-05,50400.0,11800.0,38050.0,35850.0,7570.0,6790.0,7370.0,28850.0,62500.0,9410.0,5470.0,32300.0
2022-08-08,50600.0,12150.0,39050.0,35950.0,7570.0,6810.0,7430.0,29300.0,62000.0,9560.0,5470.0,32000.0
2022-08-09,50900.0,12200.0,39450.0,36150.0,7570.0,6830.0,7380.0,30300.0,61800.0,9550.0,5400.0,33200.0
2022-08-10,50800.0,12000.0,39300.0,35800.0,7520.0,6760.0,7320.0,28500.0,60500.0,9490.0,5300.0,31550.0
2022-08-11,52200.0,12300.0,40150.0,36300.0,7650.0,6880.0,7450.0,29200.0,62900.0,9700.0,5410.0,33150.0
2022-08-12,52200.0,12400.0,39600.0,36100.0,7720.0,6890.0,7510.0,28950.0,62800.0,9730.0,5410.0,32950.0
2022-08-15,51800.0,12350.0,39150.0,35750.0,7670.0,6880.0,7570.0,28400.0,62100.0,9800.0,5410.0,32400.0
2022-08-16,51800.0,12350.0,39150.0,35750.0,7670.0,6880.0,7570.0,28400.0,62100.0,9800.0,5410.0,32400.0
2022-08-17,51900.0,12450.0,39250.0,36050.0,7620.0,6870.0,7630.0,29850.0,62000.0,9780.0,5430.0,32400.0
2022-08-18,50700.0,12200.0,38500.0,35500.0,7580.0,6830.0,7660.0,30050.0,61200.0,9690.0,5580.0,31200.0
2022-08-19,50800.0,12450.0,38500.0,35700.0,7590.0,6850.0,7740.0,31300.0,60800.0,9770.0,5490.0,28650.0
2022-08-22,49750.0,12200.0,37800.0,35450.0,7510.0,6750.0,7680.0,30950.0,59200.0,9680.0,5400.0,28050.0
2022-08-23,49000.0,12050.0,37750.0,35300.0,7460.0,6670.0,7580.0,30500.0,57900.0,9570.0,5400.0,27800.0
2022-08-24,50400.0,12200.0,38850.0,36100.0,7470.0,6710.0,7620.0,29250.0,57800.0,9640.0,5740.0,28300.0
2022-08-25,50300.0,12300.0,39200.0,36450.0,7510.0,6780.0,7600.0,29500.0,58200.0,9710.0,5600.0,28300.0
2022-08-26,50100.0,12300.0,39050.0,36350.0,7480.0,6780.0,7630.0,29550.0,58500.0,9720.0,5560.0,28100.0
2022-08-29,49200.0,12000.0,38050.0,35500.0,7390.0,6670.0,7550.0,29000.0,56500.0,9550.0,6250.0,26950.0
2022-08-30,49600.0,12050.0,38800.0,35850.0,7430.0,6700.0,7490.0,30100.0,57000.0,9610.0,6190.0,27300.0
2022-08-31,49450.0,12200.0,39250.0,36600.0,7450.0,6710.0,7590.0,30800.0,56800.0,9570.0,5970.0,27300.0
2022-09-01,47750.0,11550.0,37500.0,34900.0,7360.0,6600.0,7510.0,29300.0,55600.0,9460.0,6040.0,26100.0
2022-09-02,47150.0,11450.0,37700.0,34600.0,7370.0,6560.0,7510.0,28300.0,56000.0,9430.0,6200.0,25850.0
2022-09-05,48100.0,11600.0,38050.0,34750.0,7350.0,6600.0,7470.0,27900.0,56100.0,9490.0,6230.0,25600.0
2022-09-06,48150.0,11550.0,37950.0,34650.0,7330.0,6560.0,7380.0,27000.0,56000.0,9500.0,6000.0,25600.0
2022-09-07,46850.0,11300.0,36800.0,34250.0,7230.0,6440.0,7230.0,25900.0,53800.0,9390.0,6290.0,24850.0
2022-09-08,48200.0,11350.0,37000.0,35050.0,7250.0,6510.0,7190.0,25450.0,54400.0,9450.0,7020.0,25000.0
2022-09-09,49950.0,11800.0,39250.0,36000.0,7390.0,6730.0,7400.0,25950.0,56500.0,9710.0,6810.0,26800.0
2022-09-12,49950.0,11800.0,39250.0,36000.0,7390.0,6730.0,7400.0,25950.0,56500.0,9710.0,6810.0,26800.0
2022-09-13,49950.0,11800.0,39250.0,36000.0,7390.0,6730.0,7400.0,25950.0,56500.0,9710.0,6810.0,26800.0
2022-09-14,49800.0,11550.0,38450.0,35400.0,7300.0,6590.0,7280.0,25250.0,55000.0,9650.0,7210.0,26250.0
2022-09-15,49600.0,11700.0,38750.0,35800.0,7310.0,6600.0,7300.0,25100.0,55100.0,9720.0,7410.0,25600.0
2022-09-16,50100.0,11800.0,38900.0,35900.0,7320.0,6590.0,7280.0,24550.0,55700.0,9870.0,7130.0,25250.0
2022-09-19,49600.0,11700.0,38600.0,36100.0,7350.0,6560.0,7370.0,24200.0,55100.0,9810.0,8380.0,25000.0
2022-09-20,49950.0,11850.0,39050.0,36550.0,7380.0,6610.0,7500.0,24600.0,55900.0,9930.0,8820.0,25250.0
2022-09-21,48800.0,11800.0,38350.0,36150.0,7380.0,6590.0,7480.0,24250.0,55100.0,9850.0,8560.0,25050.0
2022-09-22,49050.0,11800.0,38150.0,36050.0,7300.0,6520.0,7500.0,23800.0,53900.0,9880.0,8010.0,24050.0
2022-09-23,49400.0,11950.0,39150.0,36950.0,7360.0,6530.0,7370.0,22900.0,52900.0,9900.0,9880.0,23450.0
2022-09-26,46450.0,11350.0,37500.0,35350.0,7250.0,6340.0,7160.0,22150.0,50200.0,9620.0,9550.0,21800.0
2022-09-27,44500.0,11250.0,36450.0,34500.0,7090.0,6210.0,7100.0,21700.0,49850.0,9560.0,9320.0,21500.0
2022-09-28,44350.0,10950.0,36500.0,34250.0,6990.0,6100.0,7020.0,20850.0,49050.0,9410.0,9990.0,21900.0
2022-09-29,44250.0,10950.0,36500.0,34300.0,6970.0,6110.0,7030.0,20850.0,48200.0,9620.0,10150.0,20600.0
2022-09-30,43700.0,10700.0,35450.0,33500.0,6970.0,6020.0,6960.0,20850.0,47500.0,9520.0,8880.0,20050.0
2022-10-03,44700.0,11100.0,37250.0,34500.0,7000.0,6180.0,7040.0,21600.0,47900.0,9720.0,8870.0,20350.0
2022-10-04,44700.0,11100.0,37250.0,34500.0,7000.0,6180.0,7040.0,21600.0,47900.0,9720.0,8870.0,20350.0
2022-10-05,46500.0,11200.0,38250.0,34900.0,7020.0,6190.0,7090.0,20800.0,48100.0,9760.0,9630.0,20000.0
2022-10-06,45800.0,11100.0,37350.0,34700.0,7060.0,6200.0,7220.0,21250.0,48550.0,9770.0,9870.0,20250.0
2022-10-07,45900.0,11400.0,37850.0,35450.0,7150.0,6320.0,7250.0,21750.0,49000.0,9970.0,9820.0,18350.0
2022-10-10,44650.0,11100.0,36850.0,34650.0,7000.0,6180.0,7090.0,20850.0,46950.0,9840.0,9580.0,17800.0
2022-10-11,44650.0,11100.0,36850.0,34650.0,7000.0,6180.0,7090.0,20850.0,46950.0,9840.0,9580.0,17800.0
2022-10-12,44550.0,11350.0,37350.0,34950.0,7000.0,6170.0,7180.0,20850.0,48750.0,9920.0,8560.0,17750.0
2022-10-13,44700.0,11350.0,37500.0,34900.0,7000.0,6150.0,7200.0,20350.0,48150.0,9970.0,8540.0,16550.0
2022-10-14,46750.0,11850.0,38450.0,35700.0,7100.0,6320.0,7230.0,22300.0,50600.0,10150.0,8740.0,17500.0
2022-10-17,45900.0,11700.0,38300.0,36200.0,7210.0,6370.0,7280.0,22750.0,50600.0,10200.0,8470.0,16600.0
2022-10-18,47350.0,11850.0,39400.0,36750.0,7290.0,6470.0,7330.0,23950.0,51400.0,10250.0,8640.0,17200.0
2022-10-19,47900.0,12000.0,39500.0,37050.0,7230.0,6430.0,7350.0,23400.0,51100.0,10350.0,8950.0,17400.0
2022-10-20,46500.0,12000.0,39150.0,36550.0,7220.0,6400.0,7380.0,22850.0,47850.0,10350.0,8500.0,16850.0
2022-10-21,46000.0,11750.0,38800.0,36350.0,7070.0,6230.0,7180.0,21200.0,48150.0,10300.0,8120.0,16750.0
2022-10-24,45150.0,11450.0,37800.0,35700.0,7000.0,6220.0,7140.0,21200.0,49000.0,10050.0,8260.0,16750.0
2022-10-25,45750.0,11500.0,38150.0,35900.0,6990.0,6240.0,7090.0,20950.0,47200.0,10150.0,8080.0,16350.0
2022-10-26,45300.0,11350.0,39200.0,35250.0,6970.0,6250.0,7090.0,20550.0,46800.0,10000.0,7850.0,15950.0
2022-10-27,47000.0,11650.0,41100.0,35950.0,7060.0,6440.0,7200.0,22150.0,49600.0,10450.0,7870.0,16250.0
2022-10-28,47800.0,11850.0,41350.0,36600.0,6970.0,6450.0,7200.0,22100.0,50000.0,10500.0,7420.0,15850.0
2022-10-31,48050.0,11750.0,41250.0,36300.0,6790.0,6410.0,7180.0,21700.0,49550.0,10450.0,7650.0,17100.0
2022-11-01,47300.0,11750.0,41300.0,36450.0,6750.0,6450.0,7220.0,21550.0,49700.0,10450.0,7800.0,17300.0
2022-11-02,47900.0,11600.0,41200.0,36000.0,6740.0,6410.0,7210.0,22200.0,50400.0,10500.0,7910.0,20250.0
2022-11-03,47500.0,11400.0,40850.0,35550.0,6710.0,6410.0,7240.0,22350.0,49700.0,10400.0,7800.0,19850.0
2022-11-04,47100.0,11450.0,40750.0,35750.0,6730.0,6430.0,7230.0,24500.0,51200.0,10500.0,8260.0,20950.0
2022-11-07,47450.0,11550.0,40800.0,36600.0,6770.0,6550.0,7280.0,23850.0,53000.0,10600.0,8080.0,20500.0
2022-11-08,47750.0,11700.0,40750.0,36550.0,6810.0,6560.0,7320.0,25900.0,53200.0,10500.0,8070.0,21650.0
2022-11-09,49100.0,11800.0,41200.0,37400.0,6840.0,6660.0,7360.0,28550.0,53800.0,10550.0,8370.0,23200.0
2022-11-10,49100.0,11800.0,40550.0,37550.0,6790.0,6620.0,7410.0,27950.0,54000.0,10550.0,8560.0,22950.0
2022-11-11,49400.0,11950.0,41400.0,37200.0,6870.0,6690.0,7420.0,27900.0,57200.0,10650.0,8190.0,27600.0
2022-11-14,49650.0,11900.0,41250.0,37250.0,6940.0,6760.0,7430.0,28700.0,57000.0,10750.0,8200.0,27900.0
2022-11-15,49600.0,11950.0,40950.0,36800.0,7050.0,6820.0,7500.0,29850.0,57100.0,10700.0,8080.0,28700.0
2022-11-16,50100.0,12200.0,41750.0,36650.0,7290.0,6900.0,7720.0,28000.0,56800.0,10850.0,8050.0,28300.0
2022-11-17,48550.0,11900.0,41000.0,35850.0,7240.0,6880.0,7670.0,27750.0,55200.0,10850.0,8090.0,28250.0
2022-11-18,49000.0,11750.0,41400.0,36300.0,7260.0,6890.0,7650.0,28050.0,55600.0,10800.0,8500.0,27700.0
2022-11-21,49700.0,12100.0,41950.0,36500.0,7260.0,6960.0,7650.0,26750.0,55900.0,10900.0,8580.0,26850.0
2022-11-22,49800.0,12350.0,42300.0,36450.0,7300.0,7020.0,7830.0,34750.0,56400.0,11000.0,8550.0,25000.0
2022-11-23,49950.0,12300.0,42250.0,36400.0,7390.0,7110.0,8090.0,36400.0,56400.0,10950.0,8200.0,25000.0
2022-11-24,51000.0,12550.0,43350.0,37050.0,7540.0,7190.0,8220.0,36000.0,57500.0,11050.0,8170.0,25800.0
2022-11-25,50400.0,12450.0,43300.0,36550.0,7590.0,7260.0,8290.0,37050.0,57300.0,11050.0,8020.0,26400.0
2022-11-28,49300.0,12150.0,41850.0,36300.0,7580.0,7200.0,8170.0,35600.0,56500.0,10950.0,8120.0,25000.0
2022-11-29,51600.0,12650.0,43750.0,37350.0,7730.0,7300.0,8280.0,36600.0,57200.0,11050.0,9910.0,25050.0
2022-11-30,52500.0,13000.0,44550.0,38100.0,7920.0,7390.0,8420.0,37750.0,57700.0,11200.0,11050.0,25050.0
2022-12-01,53500.0,13100.0,46000.0,38350.0,7990.0,7440.0,8430.0,41200.0,59000.0,11200.0,11300.0,26500.0
2022-12-02,52400.0,12750.0,45550.0,38100.0,7930.0,7390.0,8390.0,40300.0,57900.0,11200.0,11000.0,26250.0
2022-12-05,52500.0,12800.0,45600.0,38200.0,7860.0,7280.0,8230.0,38950.0,57600.0,11250.0,10000.0,27400.0
2022-12-06,52100.0,12750.0,45350.0,37900.0,7800.0,7240.0,8220.0,39350.0,57600.0,11100.0,10700.0,27650.0
2022-12-07,50800.0,12500.0,44100.0,37250.0,7670.0,7200.0,8270.0,37750.0,57300.0,10900.0,11500.0,26800.0
2022-12-08,50400.0,12550.0,44800.0,37400.0,7670.0,7160.0,8280.0,37200.0,57100.0,10850.0,9810.0,27450.0
2022-12-09,52600.0,12950.0,46450.0,38000.0,7860.0,7320.0,8330.0,36750.0,58500.0,11050.0,10550.0,28100.0
2022-12-12,53300.0,12850.0,47200.0,38500.0,7910.0,7330.0,8340.0,37500.0,58000.0,11050.0,9650.0,28000.0
2022-12-13,53300.0,12850.0,46350.0,38350.0,7860.0,7350.0,8410.0,38200.0,58100.0,11100.0,8880.0,29000.0
2022-12-14,52900.0,12800.0,46150.0,38050.0,7840.0,7340.0,8360.0,38250.0,59100.0,11100.0,8710.0,28700.0
2022-12-15,51600.0,12650.0,44550.0,37700.0,7750.0,7260.0,8300.0,37250.0,58600.0,11000.0,8400.0,26050.0
2022-12-16,51900.0,12850.0,44750.0,37450.0,7850.0,7230.0,8330.0,38800.0,57800.0,10900.0,10500.0,26000.0
2022-12-19,52200.0,12900.0,44550.0,37500.0,7850.0,7270.0,8370.0,39500.0,58100.0,11050.0,10600.0,25900.0
2022-12-20,52900.0,12950.0,44600.0,37800.0,7830.0,7290.0,8400.0,40850.0,57900.0,11100.0,13750.0,25900.0
2022-12-21,52300.0,12900.0,45300.0,37950.0,7860.0,7320.0,8400.0,40650.0,58000.0,11150.0,13850.0,26300.0
2022-12-22,52600.0,12900.0,45300.0,37900.0,7850.0,7310.0,8420.0,42300.0,58700.0,11100.0,10600.0,26350.0
2022-12-23,51600.0,12750.0,44650.0,37550.0,7840.0,7250.0,8380.0,42250.0,57600.0,11100.0,9640.0,25100.0
2022-12-26,51000.0,12750.0,44600.0,37200.0,7820.0,7240.0,8380.0,41700.0,58000.0,11050.0,9170.0,25100.0
2022-12-27,51500.0,13000.0,45300.0,37600.0,7870.0,7240.0,8390.0,41700.0,58800.0,11200.0,9900.0,25800.0
2022-12-28,49450.0,11800.0,42150.0,35900.0,7190.0,6640.0,7910.0,42250.0,55100.0,10000.0,11350.0,25050.0
2022-12-29,48500.0,11550.0,42050.0,35200.0,6990.0,6500.0,7890.0,42700.0,53300.0,9820.0,10650.0,24300.0
2022-12-30,47600.0,11250.0,40800.0,34300.0,6750.0,6300.0,7870.0,41550.0,51800.0,9460.0,11350.0,24150.0
2023-01-02,47600.0,11250.0,40800.0,34300.0,6750.0,6300.0,7870.0,41550.0,51800.0,9460.0,11350.0,24150.0
2023-01-03,49050.0,11450.0,41700.0,35000.0,6850.0,6340.0,7990.0,40150.0,52000.0,9560.0,10900.0,24100.0
2023-01-04,50500.0,11900.0,43800.0,36400.0,7020.0,6550.0,8260.0,40400.0,54900.0,9730.0,10950.0,25400.0
2023-01-05,53900.0,12400.0,46950.0,39450.0,7210.0,6720.0,8500.0,39200.0,57100.0,10000.0,11900.0,27300.0
2023-01-06,56700.0,12450.0,48800.0,40600.0,7370.0,6790.0,8650.0,37600.0,57700.0,10200.0,11400.0,27200.0
2023-01-09,57200.0,12400.0,48650.0,40350.0,7350.0,6770.0,8770.0,38650.0,59200.0,10100.0,11650.0,28500.0
2023-01-10,57800.0,12700.0,49400.0,40900.0,7380.0,6880.0,8980.0,39750.0,59200.0,10150.0,10950.0,28350.0
2023-01-11,56400.0,12350.0,47800.0,40000.0,7360.0,6850.0,8980.0,38650.0,58500.0,10100.0,11300.0,27800.0
2023-01-12,56500.0,12350.0,48100.0,40050.0,7390.0,6850.0,9220.0,42200.0,58700.0,10150.0,11300.0,27600.0
2023-01-13,57400.0,12750.0,49500.0,41050.0,7630.0,7040.0,9630.0,43900.0,60500.0,10400.0,11700.0,28150.0
2023-01-16,60000.0,13300.0,52600.0,43800.0,7840.0,7240.0,9890.0,44500.0,62100.0,10550.0,11800.0,29450.0
2023-01-17,59100.0,12850.0,52200.0,43300.0,7710.0,7160.0,10150.0,45950.0,61400.0,10450.0,13550.0,28450.0
2023-01-18,58500.0,12800.0,51100.0,42700.0,7640.0,7120.0,10150.0,47100.0,60600.0,10500.0,12500.0,27550.0
2023-01-19,57200.0,12500.0,50800.0,42450.0,7590.0,7080.0,10400.0,48200.0,61700.0,10500.0,12050.0,27200.0
2023-01-20,57000.0,12700.0,51500.0,43300.0,7780.0,7160.0,10800.0,47000.0,61700.0,10450.0,12900.0,27800.0
2023-01-23,58500.0,12890.0,52400.0,44050.0,7850.0,7240.0,10810.0,45950.0,62600.0,10540.0,15620.0,28150.0
2023-01-24,58500.0,12890.0,52400.0,44050.0,7850.0,7240.0,10810.0,45950.0,62600.0,10540.0,15620.0,28150.0
2023-01-25,58500.0,12890.0,52400.0,44050.0,7850.0,7240.0,10810.0,45950.0,62600.0,10540.0,15620.0,28150.0
2023-01-26,58900.0,13370.0,53100.0,44900.0,7880.0,7280.0,10650.0,45250.0,63000.0,10570.0,16390.0,28550.0
2023-01-27,57700.0,13480.0,51800.0,44750.0,7890.0,7250.0,10850.0,43550.0,63500.0,10590.0,17540.0,28900.0
2023-01-30,57300.0,13440.0,51200.0,43250.0,7860.0,7120.0,9890.0,42650.0,63100.0,10420.0,16100.0,27850.0
2023-01-31,55900.0,12790.0,48750.0,41550.0,7950.0,7080.0,10140.0,42950.0,62500.0,10250.0,16490.0,27100.0
2023-02-01,57400.0,12800.0,49200.0,42450.0,7790.0,7080.0,9580.0,43950.0,62200.0,10300.0,16250.0,27750.0
2023-02-02,56400.0,12550.0,47650.0,41250.0,7590.0,6860.0,9370.0,42750.0,62700.0,10080.0,16720.0,28100.0
2023-02-03,56900.0,12520.0,48600.0,41650.0,7630.0,6900.0,9350.0,42600.0,63400.0,10110.0,16780.0,28850.0
2023-02-06,55700.0,12330.0,47850.0,40950.0,7610.0,6820.0,9570.0,41900.0,61900.0,10030.0,18850.0,28200.0
2023-02-07,55500.0,12300.0,48150.0,40800.0,7700.0,6850.0,9520.0,42150.0,61900.0,10120.0,18140.0,28700.0
2023-02-08,55700.0,12800.0,48900.0,41550.0,7960.0,7060.0,10070.0,41850.0,64400.0,10370.0,18120.0,28200.0
2023-02-09,54200.0,12430.0,47850.0,40000.0,7790.0,6920.0,9540.0,42950.0,63300.0,10200.0,18140.0,27400.0
2023-02-10,55700.0,12650.0,48850.0,41100.0,7780.0,7030.0,10020.0,42500.0,62400.0,10420.0,18160.0,26650.0
2023-02-13,55300.0,12950.0,49000.0,40800.0,7890.0,7040.0,9910.0,42950.0,61000.0,10500.0,16840.0,25900.0
2023-02-14,53000.0,12590.0,46850.0,39450.0,7680.0,6940.0,9480.0,43600.0,61600.0,10400.0,16610.0,26100.0
2023-02-15,50400.0,12200.0,44300.0,38050.0,7550.0,6780.0,9220.0,42200.0,60300.0,10130.0,17530.0,24600.0
2023-02-16,49800.0,12130.0,44400.0,37900.0,7590.0,6700.0,9300.0,42400.0,61800.0,10110.0,20350.0,25500.0
2023-02-17,50000.0,12400.0,46200.0,38350.0,7640.0,6740.0,9410.0,42550.0,61000.0,10130.0,20900.0,25300.0
2023-02-20,50700.0,12390.0,45850.0,38800.0,7740.0,6790.0,9410.0,42000.0,61000.0,10150.0,23750.0,26200.0
2023-02-21,50600.0,12390.0,46350.0,39050.0,7840.0,6850.0,9520.0,43400.0,61200.0,10170.0,22300.0,25850.0
2023-02-22,49700.0,12190.0,45000.0,38300.0,7800.0,6730.0,9280.0,41150.0,59800.0,10060.0,22150.0,25500.0
2023-02-23,50000.0,12210.0,45200.0,38650.0,7850.0,6790.0,9250.0,41850.0,60200.0,10170.0,21850.0,25550.0
2023-02-24,50700.0,12310.0,45300.0,38750.0,7800.0,6770.0,9290.0,43600.0,60100.0,10200.0,21650.0,25250.0
2023-02-27,50600.0,12150.0,45500.0,38450.0,7810.0,6720.0,9330.0,43600.0,60100.0,10220.0,21300.0,25450.0
2023-02-28,51300.0,12200.0,45400.0,38850.0,7900.0,6700.0,9250.0,45000.0,62000.0,10380.0,20800.0,26650.0
2023-03-01,50600.0,11960.0,44700.0,37700.0,7790.0,6690.0,9320.0,43300.0,61100.0,10360.0,22500.0,26050.0
2023-03-02,50600.0,11960.0,44700.0,37700.0,7790.0,6690.0,9320.0,43300.0,61100.0,10360.0,22500.0,26050.0
2023-03-03,50000.0,11710.0,44000.0,37050.0,7800.0,6630.0,9290.0,41750.0,60800.0,10170.0,21700.0,26300.0
2023-03-06,50200.0,11690.0,43450.0,37050.0,7760.0,6610.0,9340.0,41400.0,60400.0,10230.0,21500.0,26600.0
2023-03-07,50800.0,11780.0,43800.0,36800.0,7820.0,6590.0,9380.0,42100.0,59900.0,10140.0,22050.0,26200.0
2023-03-08,50600.0,11650.0,43500.0,36600.0,7780.0,6550.0,9270.0,41800.0,60000.0,10020.0,21850.0,25000.0
2023-03-09,50700.0,11580.0,42800.0,36400.0,7870.0,6630.0,9660.0,43150.0,60400.0,10000.0,21150.0,24700.0
2023-03-10,49700.0,11300.0,42250.0,35800.0,7740.0,6500.0,9650.0,43500.0,58700.0,9870.0,19900.0,23950.0
2023-03-13,50300.0,11400.0,42700.0,36050.0,7540.0,6470.0,9400.0,42700.0,60200.0,9890.0,18730.0,24400.0
2023-03-14,48400.0,11010.0,41050.0,35100.0,7170.0,6210.0,8890.0,39950.0,56100.0,9590.0,17130.0,24300.0
2023-03-15,49000.0,11100.0,42000.0,35450.0,7230.0,6270.0,9110.0,40900.0,54900.0,9640.0,17410.0,24350.0
2023-03-16,48050.0,10950.0,40650.0,34450.0,7140.0,6170.0,8850.0,41750.0,53300.0,9600.0,17510.0,24150.0
2023-03-17,48450.0,11090.0,41300.0,34550.0,7160.0,6250.0,8730.0,42150.0,53100.0,9730.0,17500.0,24700.0
2023-03-20,48400.0,11020.0,41300.0,34700.0,7000.0,6190.0,8790.0,42450.0,53100.0,9600.0,16790.0,24800.0
2023-03-21,48450.0,11270.0,42050.0,34950.0,7120.0,6250.0,8650.0,42250.0,53300.0,9710.0,17460.0,24500.0
2023-03-22,49150.0,11240.0,41550.0,35450.0,7050.0,6250.0,8760.0,41500.0,54100.0,9770.0,17720.0,25000.0
2023-03-23,48950.0,11180.0,41950.0,35750.0,7030.0,6300.0,8760.0,40650.0,54500.0,9770.0,16960.0,25200.0
2023-03-24,47050.0,11010.0,40350.0,34550.0,6900.0,6210.0,8400.0,39950.0,54600.0,9640.0,19880.0,24800.0
2023-03-27,46700.0,10990.0,40100.0,34850.0,6810.0,6190.0,8460.0,39000.0,53900.0,9620.0,21700.0,23950.0
2023-03-28,47900.0,11190.0,40750.0,35950.0,6950.0,6310.0,8770.0,39400.0,54600.0,9770.0,21900.0,24650.0
2023-03-29,48050.0,11250.0,40450.0,36200.0,7010.0,6350.0,8770.0,38850.0,54200.0,9930.0,22150.0,24100.0
2023-03-30,47200.0,11180.0,40300.0,35100.0,7030.0,6400.0,8720.0,39850.0,54700.0,9890.0,23700.0,23950.0
2023-03-31,47650.0,11410.0,40700.0,35350.0,6900.0,6510.0,8740.0,38600.0,55000.0,10100.0,22900.0,24150.0
2023-04-03,47300.0,11270.0,40600.0,34550.0,6780.0,6490.0,8490.0,40300.0,54700.0,9880.0,23750.0,24000.0
2023-04-04,47750.0,11350.0,41200.0,35150.0,6790.0,6490.0,8650.0,41250.0,55100.0,9970.0,22100.0,24200.0
2023-04-05,47850.0,11310.0,41200.0,35050.0,6800.0,6510.0,8590.0,42550.0,55400.0,9900.0,22700.0,24250.0
2023-04-06,46650.0,11090.0,40350.0,34300.0,6730.0,6440.0,8400.0,43050.0,53000.0,9770.0,22850.0,23300.0
2023-04-07,47000.0,11320.0,40800.0,34900.0,6990.0,6680.0,8690.0,43650.0,53600.0,9930.0,23750.0,23600.0
2023-04-10,46550.0,11200.0,40450.0,34550.0,6860.0,6620.0,8450.0,43050.0,53800.0,9870.0,22900.0,22950.0
2023-04-11,46950.0,11310.0,41050.0,34650.0,6890.0,6720.0,8510.0,44300.0,54600.0,9960.0,23100.0,22350.0
2023-04-12,46900.0,11390.0,41500.0,34700.0,6880.0,6710.0,8460.0,45600.0,54600.0,10000.0,22350.0,22100.0
2023-04-13,47200.0,11390.0,40750.0,34900.0,6920.0,6720.0,8700.0,45450.0,55500.0,10100.0,22400.0,22450.0
2023-04-14,48650.0,11670.0,42200.0,35350.0,6950.0,6780.0,8610.0,44500.0,56800.0,10120.0,22350.0,23750.0
2023-04-17,48400.0,11570.0,41500.0,35500.0,6940.0,6730.0,8630.0,43650.0,56800.0,10120.0,24700.0,23800.0
2023-04-18,48400.0,11660.0,42000.0,35250.0,6970.0,6710.0,8800.0,42850.0,56900.0,10120.0,25050.0,23750.0
2023-04-19,49450.0,11740.0,42200.0,35650.0,7020.0,6750.0,8860.0,42900.0,57300.0,10180.0,26800.0,23400.0
2023-04-20,50400.0,11760.0,42550.0,35900.0,7030.0,6820.0,8910.0,43100.0,57700.0,10230.0,24650.0,23400.0
2023-04-21,50100.0,11750.0,42150.0,35850.0,6990.0,6800.0,8820.0,42600.0,57400.0,10190.0,25150.0,23250.0
2023-04-24,49200.0,11670.0,41600.0,35350.0,6900.0,6700.0,8640.0,45350.0,56100.0,10140.0,21900.0,22900.0
2023-04-25,49750.0,11920.0,42100.0,35650.0,6940.0,6770.0,8910.0,45600.0,55800.0,10170.0,22200.0,22400.0
2023-04-26,48950.0,11750.0,42050.0,35350.0,6820.0,6670.0,8640.0,44450.0,55000.0,10070.0,21700.0,22200.0
2023-04-27,48250.0,11620.0,41650.0,34900.0,6720.0,6570.0,8250.0,43800.0,53700.0,10060.0,21300.0,22050.0
2023-04-28,49500.0,11730.0,41950.0,34950.0,6850.0,6640.0,8360.0,45900.0,55100.0,10060.0,19780.0,22000.0
2023-05-01,49500.0,11720.0,42400.0,35450.0,6910.0,6710.0,8360.0,45150.0,55000.0,10050.0,20800.0,22550.0
2023-05-02,49500.0,11720.0,42400.0,35450.0,6910.0,6710.0,8360.0,45150.0,55000.0,10050.0,20800.0,22550.0
2023-05-03,48300.0,11560.0,41550.0,34850.0,6870.0,6630.0,8230.0,45800.0,54400.0,9900.0,19840.0,24100.0
2023-05-04,48700.0,11650.0,41600.0,35050.0,6890.0,6630.0,8290.0,45700.0,53400.0,10020.0,19050.0,23550.0
2023-05-05,49250.0,11770.0,42300.0,35750.0,6960.0,6720.0,8350.0,45450.0,55800.0,10100.0,18230.0,24400.0
2023-05-08,49250.0,11770.0,42300.0,35750.0,6960.0,6720.0,8350.0,45450.0,55800.0,10100.0,18230.0,24400.0
2023-05-09,49150.0,11820.0,42200.0,35550.0,6990.0,6690.0,8310.0,44700.0,55600.0,10120.0,18910.0,24750.0
2023-05-10,48600.0,11680.0,40850.0,34800.0,6990.0,6700.0,8280.0,43850.0,55200.0,10090.0,18220.0,25000.0
2023-05-11,49200.0,11820.0,41900.0,35300.0,7030.0,6750.0,8360.0,45750.0,56200.0,10080.0,18300.0,25000.0
2023-05-12,48600.0,11750.0,41100.0,34650.0,7010.0,6710.0,8370.0,46300.0,55400.0,10070.0,17400.0,24450.0
2023-05-15,48800.0,11810.0,41150.0,34750.0,7040.0,6740.0,8450.0,44750.0,54700.0,10120.0,17000.0,24650.0
2023-05-16,49300.0,11800.0,41450.0,34550.0,6950.0,6650.0,8290.0,45700.0,54500.0,10100.0,17150.0,25150.0
2023-05-17,48850.0,11710.0,41250.0,34600.0,6940.0,6670.0,8300.0,45350.0,54200.0,10070.0,16910.0,24850.0
2023-05-18,49500.0,11860.0,41850.0,34900.0,7010.0,6700.0,8430.0,44750.0,54200.0,10160.0,16950.0,24950.0
2023-05-19,49500.0,12040.0,42100.0,35200.0,7020.0,6750.0,8440.0,46100.0,54500.0,10210.0,16340.0,25200.0
2023-05-22,49350.0,12030.0,41900.0,35300.0,7070.0,6780.0,8440.0,44600.0,55600.0,10330.0,16290.0,25800.0
2023-05-23,49400.0,12000.0,41800.0,35250.0,7130.0,6780.0,8520.0,44950.0,55600.0,10280.0,16300.0,26200.0
2023-05-24,49300.0,12010.0,41650.0,35400.0,7090.0,6780.0,8520.0,45050.0,56200.0,10360.0,15900.0,25450.0
2023-05-25,48300.0,11880.0,41050.0,35000.0,7040.0,6800.0,8510.0,44150.0,55100.0,10270.0,16100.0,25300.0
2023-05-26,47950.0,11870.0,40750.0,34800.0,7000.0,6720.0,8440.0,44500.0,54300.0,10230.0,15550.0,25000.0
2023-05-29,48350.0,11960.0,41250.0,35200.0,7010.0,6740.0,8480.0,45000.0,55800.0,10320.0,15680.0,25950.0
2023-05-30,48350.0,11960.0,41250.0,35200.0,7010.0,6740.0,8480.0,45000.0,55800.0,10320.0,15680.0,25950.0
2023-05-31,48000.0,11980.0,41450.0,35050.0,7010.0,6710.0,8500.0,44950.0,55400.0,10210.0,15820.0,26200.0
2023-06-01,46800.0,11840.0,41000.0,34700.0,7010.0,6720.0,8470.0,44300.0,54800.0,10150.0,16000.0,26250.0
2023-06-02,47450.0,11890.0,41650.0,34950.0,7060.0,6780.0,8530.0,46850.0,55500.0,10240.0,15810.0,26550.0
2023-06-05,48550.0,12040.0,41950.0,35250.0,7150.0,6840.0,8580.0,46450.0,56200.0,10260.0,15900.0,26950.0
2023-06-06,48400.0,11970.0,41900.0,35200.0,7120.0,6850.0,8600.0,46300.0,55900.0,10310.0,15660.0,26900.0
2023-06-07,48400.0,11970.0,41900.0,35200.0,7120.0,6850.0,8600.0,46300.0,55900.0,10310.0,15660.0,26900.0
2023-06-08,48450.0,12010.0,41500.0,35300.0,7220.0,6940.0,8770.0,46400.0,55500.0,10320.0,15160.0,26000.0
2023-06-09,49450.0,12180.0,42200.0,35700.0,7240.0,7010.0,8990.0,44650.0,56200.0,10360.0,15060.0,25850.0
2023-06-12,48750.0,12070.0,41700.0,35250.0,7210.0,6930.0,8870.0,44000.0,55500.0,10360.0,14620.0,26900.0
2023-06-13,48500.0,12010.0,41000.0,35050.0,7250.0,6920.0,8870.0,42850.0,55500.0,10390.0,14230.0,26600.0
2023-06-14,48550.0,11920.0,41050.0,34800.0,7200.0,6840.0,8760.0,42900.0,55000.0,10300.0,13930.0,26200.0
2023-06-15,48200.0,11910.0,40900.0,34800.0,7170.0,6850.0,8630.0,42600.0,54900.0,10270.0,13740.0,25400.0
2023-06-16,48300.0,11890.0,40850.0,34800.0,7200.0,6910.0,8560.0,43900.0,55100.0,10290.0,13180.0,25850.0
2023-06-19,48150.0,11940.0,40750.0,34550.0,7200.0,6910.0,8650.0,43000.0,53900.0,10310.0,13890.0,25150.0
2023-06-20,47850.0,12010.0,40500.0,34600.0,7220.0,6910.0,8620.0,43350.0,54200.0,10300.0,13120.0,24950.0
2023-06-21,46900.0,11880.0,40100.0,34250.0,7180.0,6890.0,8530.0,43500.0,53600.0,10260.0,12760.0,24500.0
2023-06-22,47800.0,12050.0,40600.0,34750.0,7240.0,6940.0,8600.0,43500.0,52800.0,10300.0,12760.0,24450.0
2023-06-23,46950.0,11930.0,39950.0,34400.0,7190.0,6860.0,8510.0,42050.0,50400.0,10180.0,12510.0,23650.0
2023-06-26,47200.0,11960.0,39650.0,34650.0,7140.0,6810.0,8560.0,41950.0,51800.0,10250.0,12130.0,23850.0
2023-06-27,47550.0,11960.0,39850.0,34650.0,7190.0,6910.0,8540.0,41250.0,51100.0,10260.0,12100.0,24150.0
2023-06-28,48150.0,11980.0,40250.0,34700.0,7240.0,6960.0,8520.0,41650.0,51300.0,10330.0,11900.0,24150.0
2023-06-29,47100.0,11610.0,38800.0,33850.0,7080.0,6780.0,8470.0,41500.0,50500.0,10200.0,12610.0,23750.0
2023-06-30,47750.0,11790.0,39200.0,34000.0,7270.0,6930.0,8470.0,41500.0,51600.0,10340.0,13750.0,23750.0
2023-07-03,48650.0,11930.0,40200.0,34500.0,7490.0,7030.0,8620.0,42350.0,52300.0,10400.0,13510.0,24500.0
2023-07-04,48400.0,11810.0,39550.0,34100.0,7500.0,6980.0,8540.0,42400.0,51100.0,10320.0,14240.0,23750.0
2023-07-05,47750.0,11700.0,39050.0,33750.0,7420.0,6860.0,8470.0,42800.0,50600.0,10260.0,14600.0,23250.0
2023-07-06,46700.0,11400.0,38000.0,33050.0,7240.0,6730.0,8280.0,42250.0,48950.0,10140.0,14370.0,23050.0
2023-07-07,46500.0,11360.0,37700.0,32500.0,7190.0,6670.0,8220.0,41150.0,48250.0,10100.0,14590.0,22850.0
2023-07-10,46750.0,11390.0,37950.0,32700.0,7190.0,6610.0,8250.0,43000.0,48700.0,10180.0,13850.0,23150.0
2023-07-11,47250.0,11490.0,38450.0,33150.0,7280.0,6650.0,8260.0,44000.0,49750.0,10230.0,13580.0,24050.0
2023-07-12,47000.0,11550.0,38500.0,33350.0,7350.0,6690.0,8170.0,44400.0,50300.0,10250.0,12100.0,24550.0
2023-07-13,47100.0,11600.0,38150.0,33350.0,7330.0,6730.0,8190.0,44350.0,50500.0,10260.0,11830.0,25300.0
2023-07-14,48750.0,11790.0,39300.0,34100.0,7350.0,6780.0,8370.0,45550.0,52100.0,10360.0,11270.0,25700.0
2023-07-17,48650.0,11710.0,39050.0,34050.0,7300.0,6780.0,8460.0,45400.0,51100.0,10260.0,11080.0,25950.0
2023-07-18,48150.0,11650.0,39000.0,33600.0,7200.0,6700.0,8480.0,44500.0,51100.0,10170.0,10690.0,25600.0
2023-07-19,48150.0,11660.0,38750.0,33550.0,7180.0,6620.0,8510.0,45200.0,50600.0,10180.0,10910.0,25500.0
2023-07-20,48200.0,11640.0,38950.0,33800.0,7220.0,6670.0,8580.0,47150.0,49800.0,10160.0,10930.0,25450.0
2023-07-21,48650.0,11760.0,39150.0,33950.0,7230.0,6690.0,8580.0,48000.0,49600.0,10240.0,10770.0,25700.0
2023-07-24,47650.0,11670.0,38500.0,33300.0,7170.0,6590.0,8500.0,47800.0,48550.0,10160.0,10370.0,24800.0
2023-07-25,47650.0,11640.0,38550.0,33050.0,7060.0,6580.0,8370.0,48950.0,48450.0,10190.0,10100.0,24050.0
2023-07-26,49600.0,11770.0,39400.0,33400.0,7000.0,6580.0,8470.0,47950.0,47500.0,10210.0,9460.0,24100.0
2023-07-27,51700.0,12140.0,41200.0,35150.0,7230.0,6790.0,8730.0,48450.0,48850.0,10390.0,9840.0,25700.0
2023-07-28,51100.0,11480.0,39700.0,34900.0,7170.0,6700.0,8580.0,48200.0,48500.0,10380.0,9940.0,25300.0
2023-07-31,51000.0,11650.0,39300.0,35050.0,7310.0,6760.0,8560.0,49200.0,48850.0,10390.0,9970.0,26000.0
2023-08-01,52800.0,11700.0,39900.0,35950.0,7490.0,6870.0,8650.0,49650.0,50800.0,10490.0,10260.0,29650.0
2023-08-02,52600.0,11650.0,39400.0,35600.0,7460.0,6710.0,8580.0,49000.0,50200.0,10550.0,9870.0,28100.0
2023-08-03,51200.0,11570.0,38450.0,34950.0,7400.0,6680.0,8530.0,49500.0,50200.0,10400.0,9680.0,28350.0
2023-08-04,52000.0,11600.0,38550.0,35100.0,7430.0,6750.0,8750.0,50200.0,50500.0,10480.0,9780.0,28700.0
2023-08-07,51200.0,11530.0,38550.0,35550.0,7410.0,6750.0,8750.0,50500.0,52700.0,10480.0,9550.0,28750.0
2023-08-08,51800.0,11520.0,38450.0,35650.0,7530.0,6770.0,8900.0,49800.0,52300.0,10500.0,9380.0,28300.0
2023-08-09,50800.0,11420.0,37900.0,35100.0,7410.0,6730.0,8670.0,49500.0,52000.0,10470.0,9400.0,28050.0
2023-08-10,51400.0,11390.0,37900.0,34800.0,7360.0,6660.0,8660.0,48200.0,51900.0,10400.0,9400.0,27750.0
2023-08-11,51600.0,11420.0,38200.0,34800.0,7360.0,6610.0,8740.0,49750.0,52200.0,10410.0,9370.0,27600.0
2023-08-14,51600.0,11440.0,38300.0,34950.0,7360.0,6640.0,8710.0,50200.0,51800.0,10440.0,9160.0,27100.0
2023-08-15,51000.0,11320.0,37850.0,34550.0,7240.0,6570.0,8620.0,49700.0,50600.0,10420.0,8880.0,26600.0
2023-08-16,51000.0,11320.0,37850.0,34550.0,7240.0,6570.0,8620.0,49700.0,50600.0,10420.0,8880.0,26600.0
2023-08-17,51800.0,11360.0,38000.0,34750.0,7260.0,6590.0,8620.0,49700.0,50700.0,10430.0,9030.0,25850.0
2023-08-18,52000.0,11380.0,37550.0,34800.0,7330.0,6600.0,8640.0,49550.0,50500.0,10440.0,8760.0,25600.0
2023-08-21,51800.0,11460.0,38050.0,35100.0,7280.0,6580.0,8630.0,49600.0,50400.0,10430.0,8780.0,25650.0
2023-08-22,52200.0,11450.0,38100.0,34950.0,7310.0,6560.0,8640.0,50000.0,51000.0,10460.0,8600.0,25550.0
2023-08-23,52600.0,11570.0,38800.0,35050.0,7270.0,6610.0,8700.0,50900.0,50700.0,10510.0,8570.0,25600.0
2023-08-24,53200.0,11600.0,38550.0,35050.0,7320.0,6620.0,8730.0,50700.0,50500.0,10500.0,8680.0,25000.0
2023-08-25,52500.0,11560.0,38750.0,35200.0,7350.0,6650.0,8790.0,51500.0,50700.0,10650.0,9050.0,24450.0
2023-08-28,52600.0,11650.0,39050.0,35550.0,7430.0,6700.0,8960.0,51800.0,51400.0,10690.0,9010.0,24600.0
2023-08-29,52900.0,11710.0,39400.0,35600.0,7450.0,6700.0,8960.0,53200.0,52100.0,10800.0,9050.0,24750.0
2023-08-30,52600.0,11690.0,39150.0,35400.0,7420.0,6690.0,9010.0,53900.0,51900.0,10710.0,9080.0,25850.0
2023-08-31,54100.0,11910.0,39550.0,35550.0,7500.0,6820.0,9710.0,54700.0,52000.0,10760.0,9050.0,26350.0
2023-09-01,53600.0,11870.0,39500.0,35450.0,7440.0,6770.0,9550.0,54300.0,51900.0,10760.0,8980.0,25600.0
2023-09-04,54000.0,11900.0,39850.0,35700.0,7520.0,6850.0,9770.0,54100.0,53300.0,10860.0,8960.0,25850.0
2023-09-05,53900.0,11900.0,39650.0,35550.0,7490.0,6810.0,9760.0,54000.0,52400.0,10860.0,8920.0,25700.0
2023-09-06,54300.0,11950.0,39950.0,35700.0,7500.0,6780.0,10040.0,54400.0,52700.0,10900.0,8770.0,25750.0
2023-09-07,54200.0,11950.0,40100.0,35700.0,7490.0,6830.0,10060.0,54200.0,52500.0,10850.0,8650.0,25100.0
2023-09-08,54100.0,12000.0,40150.0,35750.0,7550.0,6850.0,10100.0,55000.0,53100.0,10920.0,8670.0,24950.0
2023-09-11,55200.0,12100.0,40700.0,36450.0,7770.0,6950.0,10270.0,55300.0,53400.0,11060.0,8670.0,24700.0
2023-09-12,54800.0,12050.0,40650.0,36000.0,7740.0,6910.0,10230.0,54400.0,52700.0,10890.0,8610.0,24650.0
2023-09-13,55500.0,12250.0,41300.0,36750.0,7740.0,6960.0,10100.0,54800.0,54300.0,11040.0,8370.0,24750.0
2023-09-14,56100.0,12270.0,41650.0,36650.0,8000.0,7050.0,10300.0,55200.0,55000.0,11130.0,8650.0,25050.0
2023-09-15,57300.0,12590.0,43500.0,38000.0,8040.0,7140.0,10390.0,55500.0,56500.0,11340.0,8610.0,26050.0
2023-09-18,57200.0,12560.0,43400.0,37700.0,8280.0,7200.0,10400.0,54800.0,56400.0,11340.0,8480.0,25050.0
2023-09-19,56200.0,12490.0,43250.0,37350.0,8200.0,7210.0,10410.0,54700.0,57500.0,11430.0,8400.0,25050.0
2023-09-20,56800.0,12560.0,44000.0,37800.0,8160.0,7000.0,10320.0,54200.0,56700.0,11500.0,8290.0,25100.0
2023-09-21,57300.0,12510.0,44250.0,37500.0,8040.0,6980.0,10320.0,54000.0,55600.0,11480.0,8060.0,24000.0
2023-09-22,57500.0,12530.0,44400.0,37450.0,8080.0,7040.0,10480.0,57400.0,54800.0,11450.0,8140.0,23750.0
2023-09-25,57400.0,12430.0,43950.0,37100.0,8080.0,7020.0,10380.0,58600.0,55500.0,11450.0,7770.0,23750.0
2023-09-26,55700.0,12220.0,42600.0,35600.0,7880.0,6890.0,10100.0,56400.0,53400.0,11190.0,7610.0,22800.0
2023-09-27,55300.0,12260.0,42450.0,35600.0,7870.0,6850.0,9960.0,55200.0,53100.0,11210.0,7820.0,23350.0
2023-09-28,54700.0,12040.0,41400.0,35050.0,7710.0,6760.0,9670.0,52600.0,51700.0,11090.0,7380.0,22600.0
2023-09-29,54700.0,12040.0,41400.0,35050.0,7710.0,6760.0,9670.0,52600.0,51700.0,11090.0,7380.0,22600.0
2023-10-02,54700.0,12040.0,41400.0,35050.0,7710.0,6760.0,9670.0,52600.0,51700.0,11090.0,7380.0,22600.0
2023-10-03,54700.0,12040.0,41400.0,35050.0,7710.0,6760.0,9670.0,52600.0,51700.0,11090.0,7380.0,22600.0
2023-10-04,54700.0,12040.0,41400.0,35050.0,7710.0,6760.0,9670.0,52600.0,51700.0,11090.0,7380.0,22600.0
2023-10-05,53600.0,11980.0,40900.0,34300.0,7700.0,6770.0,9670.0,52900.0,52400.0,11080.0,7340.0,22700.0
2023-10-06,55800.0,12310.0,42800.0,35350.0,7950.0,6900.0,10150.0,53400.0,51900.0,11380.0,7400.0,23200.0
2023-10-09,56600.0,12420.0,43150.0,35550.0,8230.0,7060.0,10330.0,53400.0,53900.0,11400.0,7310.0,23400.0
2023-10-10,56600.0,12420.0,43150.0,35550.0,8230.0,7060.0,10330.0,53400.0,53900.0,11400.0,7310.0,23400.0
2023-10-11,55600.0,12460.0,42550.0,35500.0,8170.0,7040.0,10330.0,53600.0,53200.0,11450.0,7420.0,23850.0
2023-10-12,56500.0,12520.0,43250.0,35550.0,8270.0,7140.0,10490.0,53500.0,54200.0,11580.0,7510.0,24150.0
2023-10-13,56600.0,12540.0,43500.0,35500.0,8240.0,7150.0,10700.0,53500.0,53800.0,11750.0,7420.0,23250.0
2023-10-16,56600.0,12580.0,43700.0,35500.0,8280.0,7180.0,10730.0,52800.0,53000.0,11830.0,7250.0,23150.0
2023-10-17,56400.0,12510.0,43150.0,35300.0,8260.0,7150.0,11020.0,51700.0,52900.0,11810.0,7460.0,22950.0
2023-10-18,57700.0,12730.0,44000.0,36400.0,8430.0,7220.0,11340.0,52500.0,53800.0,12080.0,8100.0,22900.0
2023-10-19,57200.0,12550.0,43750.0,35950.0,8240.0,7090.0,10510.0,51100.0,52000.0,11920.0,10530.0,22950.0
2023-10-20,56800.0,12530.0,43400.0,35950.0,8240.0,7150.0,10430.0,50100.0,51500.0,11920.0,10380.0,21800.0
2023-10-23,55200.0,12290.0,42300.0,35100.0,8130.0,7050.0,10230.0,47900.0,48800.0,11710.0,9730.0,20950.0
2023-10-24,55600.0,12280.0,42250.0,35000.0,8130.0,6960.0,10330.0,48800.0,50600.0,11660.0,10050.0,20950.0
2023-10-25,54400.0,12370.0,42550.0,35350.0,8250.0,7040.0,10270.0,50500.0,51200.0,11720.0,10600.0,20450.0
2023-10-26,53300.0,12200.0,41800.0,35050.0,8120.0,7000.0,10160.0,49400.0,49550.0,11560.0,11020.0,19510.0
2023-10-27,52500.0,12050.0,41200.0,35000.0,8090.0,6890.0,10190.0,49700.0,49550.0,11520.0,10700.0,18780.0
2023-10-30,51100.0,11880.0,39650.0,34100.0,7970.0,6810.0,10100.0,50300.0,49850.0,11140.0,10820.0,18460.0
2023-10-31,51500.0,11900.0,39200.0,34750.0,7860.0,6780.0,10100.0,50200.0,50300.0,11170.0,11100.0,18160.0
2023-11-01,51300.0,12060.0,39600.0,35000.0,7920.0,6820.0,10330.0,51000.0,51500.0,11260.0,10840.0,18760.0
2023-11-02,51000.0,12030.0,39000.0,34500.0,7830.0,6720.0,10070.0,51200.0,52500.0,11190.0,9970.0,20300.0
2023-11-03,52600.0,12140.0,40250.0,34900.0,7980.0,6800.0,10320.0,51900.0,54200.0,11310.0,9390.0,21100.0
2023-11-06,55700.0,12570.0,42250.0,36100.0,8200.0,7040.0,10770.0,52100.0,58500.0,11580.0,9260.0,24600.0
2023-11-07,52300.0,12410.0,40850.0,35050.0,8040.0,6990.0,10570.0,52600.0,57300.0,11490.0,8810.0,22850.0
2023-11-08,52100.0,12250.0,40450.0,34900.0,8020.0,6940.0,10730.0,52600.0,56300.0,11430.0,8510.0,23000.0
2023-11-09,53400.0,12280.0,40500.0,34800.0,8130.0,7000.0,10870.0,53200.0,57100.0,11510.0,8730.0,24050.0
2023-11-10,53500.0,12320.0,40800.0,35300.0,8070.0,7000.0,10660.0,52900.0,56900.0,11470.0,8870.0,22950.0
2023-11-13,52900.0,12400.0,40800.0,35400.0,8140.0,7050.0,10760.0,54200.0,57400.0,11570.0,8570.0,23250.0
2023-11-14,53500.0,12540.0,41300.0,35700.0,8290.0,7110.0,10880.0,56400.0,58300.0,11720.0,8570.0,23450.0
2023-11-15,54600.0,12620.0,41900.0,36300.0,8270.0,7090.0,10990.0,58100.0,59100.0,11670.0,8850.0,24350.0
2023-11-16,54300.0,12600.0,42000.0,36350.0,8380.0,7070.0,10940.0,55300.0,59200.0,11700.0,8620.0,24350.0
2023-11-17,54600.0,12510.0,41600.0,36100.0,8270.0,7070.0,10910.0,55900.0,57900.0,11680.0,8300.0,23700.0
2023-11-20,53900.0,12490.0,41600.0,36300.0,8320.0,7100.0,10890.0,54500.0,58400.0,11620.0,8410.0,23900.0
2023-11-21,54100.0,12720.0,41900.0,36950.0,8370.0,7130.0,10890.0,55800.0,58800.0,11700.0,8410.0,26000.0
2023-11-22,54500.0,12700.0,41800.0,36850.0,8360.0,7070.0,10940.0,55700.0,58500.0,11680.0,8450.0,26000.0
2023-11-23,54300.0,12710.0,42300.0,36950.0,8330.0,7110.0,10830.0,55700.0,58600.0,11670.0,8410.0,26000.0
2023-11-24,53700.0,12700.0,41750.0,36750.0,8350.0,7130.0,10830.0,54400.0,58000.0,11700.0,8380.0,25550.0
2023-11-27,52400.0,12750.0,41550.0,36750.0,8430.0,7180.0,10900.0,55200.0,58800.0,11730.0,8110.0,25250.0
