Date,KB,우리,하나,신한,DGB,BNK,JB,메리츠,한국금융,기업,제주,카카오
2022-01-03,55300,12800,42350,37250,9330,8390,8260,45500,79800,10350,6070,59100
2022-01-04,56400,13000,42700,37600,9390,8470,8370,48000,79700,10400,6090,57300
2022-01-05,56600,13050,43000,37500,9480,8550,8390,47000,78900,10450,6260,55600
2022-01-06,55800,12850,43200,37300,9440,8480,8340,46800,76800,10350,6150,56000
2022-01-07,55700,13100,43450,37650,9490,8560,8340,49300,78800,10350,6390,55000
2022-01-10,57800,13950,45400,38550,9730,8830,8600,48250,80600,10650,6670,51100
2022-01-11,60000,14550,46700,39000,9680,8800,8710,49350,78600,10750,6580,49350
2022-01-12,61900,14900,46550,39750,9700,8800,8760,51400,82300,10800,6630,49300
2022-01-13,62300,15000,46900,39450,9670,8920,8780,53700,81600,10750,6580,48850
2022-01-14,62200,15000,46200,39300,9770,8870,8680,51900,79600,10800,6500,46300
2022-01-17,61200,14800,45100,38850,9640,8580,8530,54500,78600,10650,6830,45100
2022-01-18,61700,14900,45450,38900,9590,8590,8450,51800,77700,10650,6820,43300
2022-01-19,61900,15050,46950,39500,9680,8640,8470,51100,77500,10650,6690,41800
2022-01-20,59500,14800,45350,38800,9510,8430,8390,51200,77800,10450,6690,42750
2022-01-21,60300,14850,45550,39250,9600,8500,8440,50900,76500,10500,6440,43800
2022-01-24,58800,14500,44350,38350,9450,8300,8290,50000,75800,10300,6120,42000
2022-01-25,57100,14000,43100,37700,9100,7970,8100,48500,74300,10150,6110,40250
2022-01-26,59100,14350,44400,38300,9230,8020,8120,46950,72900,10300,6150,40550
2022-01-27,58000,14300,44100,38100,9160,7930,8040,44750,70600,10200,6190,39650
2022-01-28,59500,14650,45000,38150,9230,8040,8130,43500,72500,10350,6260,41000
2022-02-03,59400,14650,44850,38600,9270,8070,8200,45750,75400,10350,6370,41350
2022-02-04,60900,15350,46000,39450,9550,8280,8400,45300,76800,10700,6570,42100
2022-02-07,61200,15100,46250,39700,9630,8350,8450,44800,77000,10650,6790,42350
2022-02-08,60700,15200,46150,39650,9650,8330,8360,44300,77700,10550,6640,44650
2022-02-09,63800,15850,48000,40600,9850,8610,8570,44550,80000,11000,6890,44200
2022-02-10,65500,15550,48600,40500,9780,8540,8500,41550,79600,11050,6720,42800
2022-02-11,65800,15150,51200,41100,9980,8500,8490,42150,79800,11150,6860,42150
2022-02-14,64600,14700,50000,40400,9760,8340,8480,42000,78600,11050,6420,43950
2022-02-15,64500,14500,49700,40450,9510,8190,8360,39900,77800,10950,6240,44200
2022-02-16,64600,14650,50600,41100,9700,8300,8420,39100,78300,11050,6460,46450
2022-02-17,65100,14900,52400,41250,9680,8350,8450,38450,79500,11150,6390,49400
2022-02-18,63700,14850,52100,41250,9630,8280,8380,38400,79700,11150,6400,49350
2022-02-21,63300,14500,51400,41250,9580,8140,8300,38150,79300,11150,6310,48900
2022-02-22,62600,14600,51200,40650,9350,7970,8210,40150,77800,10900,6160,47250
2022-02-23,62200,14400,50800,40700,9340,7980,8230,39650,80200,10900,6290,47100
2022-02-24,61000,14250,49550,39800,9230,7790,8140,38500,78200,10600,6050,46900
2022-02-25,58900,14200,48800,38950,9190,7780,8140,39450,78300,10450,6080,47750
2022-02-28,59700,14300,48700,39050,9480,7880,8220,36850,79200,10750,6050,48000
2022-03-02,57300,13700,46450,38200,9070,7600,8070,35950,78800,10500,6080,47900
2022-03-03,58400,14150,47250,38550,9100,7700,8210,35050,80000,10700,6110,48600
2022-03-04,57500,13950,46750,38200,9100,7700,8140,33950,79100,10550,6050,48700
2022-03-07,55000,13450,45300,37200,8930,7470,8070,32800,76200,10350,5950,47350
2022-03-08,53200,13500,44300,36400,8820,7330,7950,31700,77400,10300,5880,48000
2022-03-10,54600,14050,45650,37100,9000,7490,8080,31550,78500,10500,5910,48150
2022-03-11,55000,14050,46550,37350,9080,7600,7960,31500,76500,10550,6000,48900
2022-03-14,55800,14250,46400,37650,9070,7610,8100,31750,76100,10550,6200,49800
2022-03-15,56700,14450,47450,37900,8980,7620,8070,34100,74400,10450,6300,52500
2022-03-16,56900,14500,47200,37900,9090,7660,8070,33700,74700,10550,6300,52600
2022-03-17,57900,14650,47800,38300,9220,7700,8090,34100,77100,10600,6300,52100
2022-03-18,57500,14800,47750,38200,9250,7760,8040,34600,76300,10600,6280,52800
2022-03-21,57400,14550,47400,38200,9230,7720,8200,34050,76000,10550,6250,50500
2022-03-22,58600,14900,48200,38700,9250,7780,8220,34500,77000,10750,6360,50900
2022-03-23,61100,15100,49350,39700,9270,7880,8370,36150,77700,10750,6510,52300
2022-03-24,61400,15200,49750,39800,9280,7850,8390,37800,76800,10800,6500,51400
2022-03-25,60900,15100,49350,40100,9300,7850,8310,36150,76300,10900,6520,51000
2022-03-28,61200,15250,49250,41100,9420,7960,8430,37150,76000,10900,6760,50000
2022-03-29,60600,15450,49050,41300,9430,7970,8460,38600,76000,10950,6730,49750
2022-03-30,60000,15200,48450,41200,9400,7910,8420,39050,76800,10850,6530,50300
2022-03-31,61300,15350,48600,41500,9340,7960,8450,40650,78400,10850,6550,51600
2022-04-01,60800,15350,48400,41450,9320,7960,8420,40600,77400,10950,6560,50900
2022-04-04,61100,15300,48500,41500,9310,8030,8500,40700,78200,11000,6530,50800
2022-04-05,59500,14850,47100,40400,9170,7870,8510,39300,77500,10800,6430,49800
2022-04-06,59700,15000,47450,40800,9300,8000,8560,40600,76300,10950,6500,48350
2022-04-07,58200,15150,46700,40300,9260,7880,8570,40350,75300,10950,6330,46200
2022-04-08,58200,15200,46350,40250,9240,7920,8520,39800,75900,11000,6300,46100
2022-04-11,59600,15450,47000,41150,9330,8030,8700,40800,76600,11250,6480,45350
2022-04-12,59600,15450,46900,40950,9290,7970,8690,41200,75100,11200,6370,45300
2022-04-13,59700,15300,47200,40450,9240,7980,8720,41400,75700,11150,6350,46850
2022-04-14,59800,15400,47100,40750,9150,7980,8720,42350,75300,11150,6370,46700
2022-04-15,59400,15200,46900,40300,9120,7910,8720,41000,74700,11000,6300,46200
2022-04-18,59600,15250,46700,40150,9080,7850,8720,39950,74700,11050,6230,45400
2022-04-19,59700,15800,47600,40650,9210,7990,8740,41000,75200,11200,6260,45600
2022-04-20,60000,16000,47750,40950,9170,7960,8820,37800,74700,11350,6390,45150
2022-04-21,60300,16200,48050,41350,9170,7980,8850,38600,75700,11450,6380,45050
2022-04-22,61900,16200,48750,42150,9210,8040,9010,38000,74500,11600,6500,43600
2022-04-25,60000,15800,47450,42050,9200,8000,9010,37300,72500,11550,6470,42450
2022-04-26,60000,15700,47250,41700,9060,7910,9000,38150,71700,11200,6380,43250
2022-04-27,57900,15300,46250,41200,8860,7700,8850,38100,69500,11000,6160,42250
2022-04-28,59100,15300,47600,42450,8910,7810,8900,39200,70500,11250,6200,42950
2022-04-29,58500,14750,47000,42150,8940,7880,8950,37850,70600,11250,6350,42350
2022-05-02,58300,14950,46600,41700,8850,7890,8860,38050,70000,11250,6280,41100
2022-05-03,58600,15200,46250,41650,8850,7890,8790,37050,71000,11350,6270,41250
2022-05-04,59900,15350,47300,42500,8870,7890,8780,36500,71100,11450,6320,41450
2022-05-06,59600,15300,47100,42250,9030,7900,8700,35750,70100,11300,6320,40100
2022-05-09,58900,15300,47500,42400,8920,7870,8610,34850,69900,11300,6150,40900
2022-05-10,58000,14950,45950,41100,8860,7770,8630,33950,68600,11100,6150,40050
2022-05-11,56900,14650,44500,40450,8610,7540,8530,30900,67500,10900,6100,40100
2022-05-12,57700,15050,44650,41000,8500,7530,8540,30150,66500,10950,6010,37950
2022-05-13,58300,15700,45900,42300,8560,7680,8600,30350,68400,11200,6070,38450
2022-05-16,58700,15700,46450,42350,8560,7700,8670,30000,68800,11150,6080,38850
2022-05-17,58000,15700,46250,42400,8670,7750,8870,31050,69100,11250,6060,40000
2022-05-18,58000,14900,46200,42050,8740,7720,8820,31700,69200,11050,6060,39400
2022-05-19,56700,14200,45300,40700,8520,7540,8710,30600,67400,11000,5950,38650
2022-05-20,57800,14600,46950,41700,8560,7620,8690,30700,69400,11000,6030,39950
2022-05-23,58300,14650,47400,41600,8550,7630,8770,32000,70100,11050,5970,40000
2022-05-24,59400,14800,47650,42000,8560,7710,8770,31300,69500,11100,5880,39400
2022-05-25,59600,14800,47850,42350,8600,7800,8860,32550,69100,11100,5860,40150
2022-05-26,59200,14850,48200,42350,8660,7750,8870,31800,69100,11150,5860,40650
2022-05-27,59800,14900,49050,42900,8750,7840,8830,32750,70400,11250,5930,41250
2022-05-30,60000,14950,49500,43200,8770,7890,8860,31950,71200,11250,5890,41300
2022-05-31,60400,14900,49500,43050,8680,7890,8940,32700,71600,11250,5860,40650
2022-06-02,58200,14600,47600,42350,8680,7770,8840,31850,70500,11150,5880,39850
2022-06-03,58200,14600,47600,42450,8670,7810,8850,31800,71200,11150,5860,41150
2022-06-07,57400,14600,46750,41700,8600,7720,8810,30800,69200,11050,5750,41500
2022-06-08,57400,14750,46750,41800,8640,7770,8840,30450,69100,11050,5810,40400
2022-06-09,57100,14900,46550,42500,8530,7690,8600,30450,69500,11000,5820,41050
2022-06-10,55400,14750,46000,42200,8450,7600,8480,29950,69100,10850,5810,39150
2022-06-13,53800,14050,44700,40550,8180,7400,8180,28750,66600,10600,5540,36000
2022-06-14,54800,14350,45150,40950,8460,7550,8590,28000,65800,10750,5630,35350
2022-06-15,54000,14000,44300,40750,8300,7470,8210,27250,62800,10600,5670,35800
2022-06-16,52800,13900,43950,40550,8070,7400,8090,28100,63400,10500,5800,36450
2022-06-17,52100,13650,42600,40050,7870,7290,7940,27650,62500,10450,5800,36150
2022-06-20,51400,13400,41950,39750,7650,7080,7830,26450,60700,10250,5660,35600
2022-06-21,50800,13300,42200,39600,7750,7070,8000,27150,61500,10300,5620,36100
2022-06-22,48650,12800,40000,39050,7510,6820,7650,25900,59700,10000,5400,34000
2022-06-23,47900,12500,40050,37750,7390,6670,7340,25600,59700,9840,4995,33750
2022-06-24,49000,12850,40300,38700,7570,6850,7680,26600,61100,10000,5110,34800
2022-06-27,48900,12500,39800,38500,7600,6820,7550,27150,62400,9940,5190,34550
2022-06-28,49400,12550,40750,39000,7640,6810,7580,26850,63400,9940,5180,33750
2022-06-29,48100,12050,39900,37850,7660,6730,7370,25950,62100,9810,5100,31100
2022-06-30,48150,12100,39350,37050,7610,6710,7350,25850,61700,9620,5040,30250
2022-07-01,48200,12000,39800,37900,7800,6820,7440,26200,62100,9680,4880,28950
2022-07-04,46950,11650,38350,37250,7710,6720,7190,25900,62400,9440,4525,29450
2022-07-05,47300,11900,38950,37300,7880,6820,7310,27050,63000,9540,4565,30600
2022-07-06,45650,11300,37550,35450,7740,6550,7050,26500,62200,9150,4315,31300
2022-07-07,46050,11450,36800,35050,7790,6540,7110,26600,61700,9100,4335,31750
2022-07-08,47000,11600,37200,36250,7790,6630,7130,26600,61600,9210,4395,31300
2022-07-11,46850,11550,36550,35850,7710,6580,7180,26400,61000,9210,4290,31200
2022-07-12,46100,11350,36050,35600,7500,6490,7040,25400,60000,9150,4135,30000
2022-07-13,45300,11450,35650,34600,7580,6450,7070,25400,60100,9070,4420,31600
2022-07-14,45350,11300,34800,34000,7520,6380,7160,24800,58000,9030,4375,30900
2022-07-15,44050,11000,33850,33400,7340,6240,7000,23250,56600,8880,4620,29900
2022-07-18,46150,11650,35600,34650,7570,6510,7180,24150,60500,9170,5640,30600
2022-07-19,46300,11600,35650,34600,7490,6490,7220,24900,59200,9200,6350,30600
2022-07-20,48500,11950,36600,35550,7690,6620,7280,25150,61400,9340,6570,30850
2022-07-21,48650,12200,37400,35850,7830,6660,7400,25400,63000,9390,6090,31300
2022-07-22,47750,12050,36150,35650,7820,6660,7420,25100,62500,9340,5930,30900
2022-07-25,47850,11950,36250,36000,7700,6670,7340,25400,62400,9390,5700,30450
2022-07-26,47700,11900,35900,35750,7680,6620,7340,25300,62400,9300,5650,30050
2022-07-27,47700,11850,36100,35650,7700,6660,7390,25000,62500,9320,5670,29900
2022-07-28,47650,11750,36800,35700,7760,6770,7450,25400,62200,9350,5620,30050
2022-07-29,48450,11900,37200,35700,7720,6790,7460,26250,63100,9390,5520,30900
2022-08-01,47950,11750,36900,35050,7700,6750,7460,25900,62300,9340,5410,30800
2022-08-02,47500,11750,36900,35150,7560,6640,7250,26100,61800,9300,5360,30350
2022-08-03,47700,11850,36850,35250,7520,6640,7230,27350,61700,9310,5450,31400
2022-08-04,48100,11750,37200,35450,7500,6670,7220,28000,60600,9300,5530,32900
2022-08-05,50400,11800,38050,35850,7570,6790,7370,28850,62500,9410,5470,32300
2022-08-08,50600,12150,39050,35950,7570,6810,7430,29300,62000,9560,5470,32000
2022-08-09,50900,12200,39450,36150,7570,6830,7380,30300,61800,9550,5400,33200
2022-08-10,50800,12000,39300,35800,7520,6760,7320,28500,60500,9490,5300,31550
2022-08-11,52200,12300,40150,36300,7650,6880,7450,29200,62900,9700,5410,33150
2022-08-12,52200,12400,39600,36100,7720,6890,7510,28950,62800,9730,5410,32950
2022-08-16,51800,12350,39150,35750,7670,6880,7570,28400,62100,9800,5410,32400
2022-08-17,51900,12450,39250,36050,7620,6870,7630,29850,62000,9780,5430,32400
2022-08-18,50700,12200,38500,35500,7580,6830,7660,30050,61200,9690,5580,31200
2022-08-19,50800,12450,38500,35700,7590,6850,7740,31300,60800,9770,5490,28650
2022-08-22,49750,12200,37800,35450,7510,6750,7680,30950,59200,9680,5400,28050
2022-08-23,49000,12050,37750,35300,7460,6670,7580,30500,57900,9570,5400,27800
2022-08-24,50400,12200,38850,36100,7470,6710,7620,29250,57800,9640,5740,28300
2022-08-25,50300,12300,39200,36450,7510,6780,7600,29500,58200,9710,5600,28300
2022-08-26,50100,12300,39050,36350,7480,6780,7630,29550,58500,9720,5560,28100
2022-08-29,49200,12000,38050,35500,7390,6670,7550,29000,56500,9550,6250,26950
2022-08-30,49600,12050,38800,35850,7430,6700,7490,30100,57000,9610,6190,27300
2022-08-31,49450,12200,39250,36600,7450,6710,7590,30800,56800,9570,5970,27300
2022-09-01,47750,11550,37500,34900,7360,6600,7510,29300,55600,9460,6040,26100
2022-09-02,47150,11450,37700,34600,7370,6560,7510,28300,56000,9430,6200,25850
2022-09-05,48100,11600,38050,34750,7350,6600,7470,27900,56100,9490,6230,25600
2022-09-06,48150,11550,37950,34650,7330,6560,7380,27000,56000,9500,6000,25600
2022-09-07,46850,11300,36800,34250,7230,6440,7230,25900,53800,9390,6290,24850
2022-09-08,48200,11350,37000,35050,7250,6510,7190,25450,54400,9450,7020,25000
2022-09-13,49950,11800,39250,36000,7390,6730,7400,25950,56500,9710,6810,26800
2022-09-14,49800,11550,38450,35400,7300,6590,7280,25250,55000,9650,7210,26250
2022-09-15,49600,11700,38750,35800,7310,6600,7300,25100,55100,9720,7410,25600
2022-09-16,50100,11800,38900,35900,7320,6590,7280,24550,55700,9870,7130,25250
2022-09-19,49600,11700,38600,36100,7350,6560,7370,24200,55100,9810,8380,25000
2022-09-20,49950,11850,39050,36550,7380,6610,7500,24600,55900,9930,8820,25250
2022-09-21,48800,11800,38350,36150,7380,6590,7480,24250,55100,9850,8560,25050
2022-09-22,49050,11800,38150,36050,7300,6520,7500,23800,53900,9880,8010,24050
2022-09-23,49400,11950,39150,36950,7360,6530,7370,22900,52900,9900,9880,23450
2022-09-26,46450,11350,37500,35350,7250,6340,7160,22150,50200,9620,9550,21800
2022-09-27,44500,11250,36450,34500,7090,6210,7100,21700,49850,9560,9320,21500
2022-09-28,44350,10950,36500,34250,6990,6100,7020,20850,49050,9410,9990,21900
2022-09-29,44250,10950,36500,34300,6970,6110,7030,20850,48200,9620,10150,20600
2022-09-30,43700,10700,35450,33500,6970,6020,6960,20850,47500,9520,8880,20050
2022-10-04,44700,11100,37250,34500,7000,6180,7040,21600,47900,9720,8870,20350
2022-10-05,46500,11200,38250,34900,7020,6190,7090,20800,48100,9760,9630,20000
2022-10-06,45800,11100,37350,34700,7060,6200,7220,21250,48550,9770,9870,20250
2022-10-07,45900,11400,37850,35450,7150,6320,7250,21750,49000,9970,9820,18350
2022-10-11,44650,11100,36850,34650,7000,6180,7090,20850,46950,9840,9580,17800
2022-10-12,44550,11350,37350,34950,7000,6170,7180,20850,48750,9920,8560,17750
2022-10-13,44700,11350,37500,34900,7000,6150,7200,20350,48150,9970,8540,16550
2022-10-14,46750,11850,38450,35700,7100,6320,7230,22300,50600,10150,8740,17500
2022-10-17,45900,11700,38300,36200,7210,6370,7280,22750,50600,10200,8470,16600
2022-10-18,47350,11850,39400,36750,7290,6470,7330,23950,51400,10250,8640,17200
2022-10-19,47900,12000,39500,37050,7230,6430,7350,23400,51100,10350,8950,17400
2022-10-20,46500,12000,39150,36550,7220,6400,7380,22850,47850,10350,8500,16850
2022-10-21,46000,11750,38800,36350,7070,6230,7180,21200,48150,10300,8120,16750
2022-10-24,45150,11450,37800,35700,7000,6220,7140,21200,49000,10050,8260,16750
2022-10-25,45750,11500,38150,35900,6990,6240,7090,20950,47200,10150,8080,16350
2022-10-26,45300,11350,39200,35250,6970,6250,7090,20550,46800,10000,7850,15950
2022-10-27,47000,11650,41100,35950,7060,6440,7200,22150,49600,10450,7870,16250
2022-10-28,47800,11850,41350,36600,6970,6450,7200,22100,50000,10500,7420,15850
2022-10-31,48050,11750,41250,36300,6790,6410,7180,21700,49550,10450,7650,17100
2022-11-01,47300,11750,41300,36450,6750,6450,7220,21550,49700,10450,7800,17300
2022-11-02,47900,11600,41200,36000,6740,6410,7210,22200,50400,10500,7910,20250
2022-11-03,47500,11400,40850,35550,6710,6410,7240,22350,49700,10400,7800,19850
2022-11-04,47100,11450,40750,35750,6730,6430,7230,24500,51200,10500,8260,20950
2022-11-07,47450,11550,40800,36600,6770,6550,7280,23850,53000,10600,8080,20500
2022-11-08,47750,11700,40750,36550,6810,6560,7320,25900,53200,10500,8070,21650
2022-11-09,49100,11800,41200,37400,6840,6660,7360,28550,53800,10550,8370,23200
2022-11-10,49100,11800,40550,37550,6790,6620,7410,27950,54000,10550,8560,22950
2022-11-11,49400,11950,41400,37200,6870,6690,7420,27900,57200,10650,8190,27600
2022-11-14,49650,11900,41250,37250,6940,6760,7430,28700,57000,10750,8200,27900
2022-11-15,49600,11950,40950,36800,7050,6820,7500,29850,57100,10700,8080,28700
2022-11-16,50100,12200,41750,36650,7290,6900,7720,28000,56800,10850,8050,28300
2022-11-17,48550,11900,41000,35850,7240,6880,7670,27750,55200,10850,8090,28250
2022-11-18,49000,11750,41400,36300,7260,6890,7650,28050,55600,10800,8500,27700
2022-11-21,49700,12100,41950,36500,7260,6960,7650,26750,55900,10900,8580,26850
2022-11-22,49800,12350,42300,36450,7300,7020,7830,34750,56400,11000,8550,25000
2022-11-23,49950,12300,42250,36400,7390,7110,8090,36400,56400,10950,8200,25000
2022-11-24,51000,12550,43350,37050,7540,7190,8220,36000,57500,11050,8170,25800
2022-11-25,50400,12450,43300,36550,7590,7260,8290,37050,57300,11050,8020,26400
2022-11-28,49300,12150,41850,36300,7580,7200,8170,35600,56500,10950,8120,25000
2022-11-29,51600,12650,43750,37350,7730,7300,8280,36600,57200,11050,9910,25050
2022-11-30,52500,13000,44550,38100,7920,7390,8420,37750,57700,11200,11050,25050
2022-12-01,53500,13100,46000,38350,7990,7440,8430,41200,59000,11200,11300,26500
2022-12-02,52400,12750,45550,38100,7930,7390,8390,40300,57900,11200,11000,26250
2022-12-05,52500,12800,45600,38200,7860,7280,8230,38950,57600,11250,10000,27400
2022-12-06,52100,12750,45350,37900,7800,7240,8220,39350,57600,11100,10700,27650
2022-12-07,50800,12500,44100,37250,7670,7200,8270,37750,57300,10900,11500,26800
2022-12-08,50400,12550,44800,37400,7670,7160,8280,37200,57100,10850,9810,27450
2022-12-09,52600,12950,46450,38000,7860,7320,8330,36750,58500,11050,10550,28100
2022-12-12,53300,12850,47200,38500,7910,7330,8340,37500,58000,11050,9650,28000
2022-12-13,53300,12850,46350,38350,7860,7350,8410,38200,58100,11100,8880,29000
2022-12-14,52900,12800,46150,38050,7840,7340,8360,38250,59100,11100,8710,28700
2022-12-15,51600,12650,44550,37700,7750,7260,8300,37250,58600,11000,8400,26050
2022-12-16,51900,12850,44750,37450,7850,7230,8330,38800,57800,10900,10500,26000
2022-12-19,52200,12900,44550,37500,7850,7270,8370,39500,58100,11050,10600,25900
2022-12-20,52900,12950,44600,37800,7830,7290,8400,40850,57900,11100,13750,25900
2022-12-21,52300,12900,45300,37950,7860,7320,8400,40650,58000,11150,13850,26300
2022-12-22,52600,12900,45300,37900,7850,7310,8420,42300,58700,11100,10600,26350
2022-12-23,51600,12750,44650,37550,7840,7250,8380,42250,57600,11100,9640,25100
2022-12-26,51000,12750,44600,37200,7820,7240,8380,41700,58000,11050,9170,25100
2022-12-27,51500,13000,45300,37600,7870,7240,8390,41700,58800,11200,9900,25800
2022-12-28,49450,11800,42150,35900,7190,6640,7910,42250,55100,10000,11350,25050
2022-12-29,48500,11550,42050,35200,6990,6500,7890,42700,53300,9820,10650,24300
2023-01-02,47600,11250,40800,34300,6750,6300,7870,41550,51800,9460,11350,24150
2023-01-03,49050,11450,41700,35000,6850,6340,7990,40150,52000,9560,10900,24100
2023-01-04,50500,11900,43800,36400,7020,6550,8260,40400,54900,9730,10950,25400
2023-01-05,53900,12400,46950,39450,7210,6720,8500,39200,57100,10000,11900,27300
2023-01-06,56700,12450,48800,40600,7370,6790,8650,37600,57700,10200,11400,27200
2023-01-09,57200,12400,48650,40350,7350,6770,8770,38650,59200,10100,11650,28500
2023-01-10,57800,12700,49400,40900,7380,6880,8980,39750,59200,10150,10950,28350
2023-01-11,56400,12350,47800,40000,7360,6850,8980,38650,58500,10100,11300,27800
2023-01-12,56500,12350,48100,40050,7390,6850,9220,42200,58700,10150,11300,27600
2023-01-13,57400,12750,49500,41050,7630,7040,9630,43900,60500,10400,11700,28150
2023-01-16,60000,13300,52600,43800,7840,7240,9890,44500,62100,10550,11800,29450
2023-01-17,59100,12850,52200,43300,7710,7160,10150,45950,61400,10450,13550,28450
2023-01-18,58500,12800,51100,42700,7640,7120,10150,47100,60600,10500,12500,27550
2023-01-19,57200,12500,50800,42450,7590,7080,10400,48200,61700,10500,12050,27200
2023-01-20,57000,12700,51500,43300,7780,7160,10800,47000,61700,10450,12900,27800
2023-01-25,58500,12890,52400,44050,7850,7240,10810,45950,62600,10540,15620,28150
2023-01-26,58900,13370,53100,44900,7880,7280,10650,45250,63000,10570,16390,28550
2023-01-27,57700,13480,51800,44750,7890,7250,10850,43550,63500,10590,17540,28900
2023-01-30,57300,13440,51200,43250,7860,7120,9890,42650,63100,10420,16100,27850
2023-01-31,55900,12790,48750,41550,7950,7080,10140,42950,62500,10250,16490,27100
2023-02-01,57400,12800,49200,42450,7790,7080,9580,43950,62200,10300,16250,27750
2023-02-02,56400,12550,47650,41250,7590,6860,9370,42750,62700,10080,16720,28100
2023-02-03,56900,12520,48600,41650,7630,6900,9350,42600,63400,10110,16780,28850
2023-02-06,55700,12330,47850,40950,7610,6820,9570,41900,61900,10030,18850,28200
2023-02-07,55500,12300,48150,40800,7700,6850,9520,42150,61900,10120,18140,28700
2023-02-08,55700,12800,48900,41550,7960,7060,10070,41850,64400,10370,18120,28200
2023-02-09,54200,12430,47850,40000,7790,6920,9540,42950,63300,10200,18140,27400
2023-02-10,55700,12650,48850,41100,7780,7030,10020,42500,62400,10420,18160,26650
2023-02-13,55300,12950,49000,40800,7890,7040,9910,42950,61000,10500,16840,25900
2023-02-14,53000,12590,46850,39450,7680,6940,9480,43600,61600,10400,16610,26100
2023-02-15,50400,12200,44300,38050,7550,6780,9220,42200,60300,10130,17530,24600
2023-02-16,49800,12130,44400,37900,7590,6700,9300,42400,61800,10110,20350,25500
2023-02-17,50000,12400,46200,38350,7640,6740,9410,42550,61000,10130,20900,25300
2023-02-20,50700,12390,45850,38800,7740,6790,9410,42000,61000,10150,23750,26200
2023-02-21,50600,12390,46350,39050,7840,6850,9520,43400,61200,10170,22300,25850
2023-02-22,49700,12190,45000,38300,7800,6730,9280,41150,59800,10060,22150,25500
2023-02-23,50000,12210,45200,38650,7850,6790,9250,41850,60200,10170,21850,25550
2023-02-24,50700,12310,45300,38750,7800,6770,9290,43600,60100,10200,21650,25250
2023-02-27,50600,12150,45500,38450,7810,6720,9330,43600,60100,10220,21300,25450
2023-02-28,51300,12200,45400,38850,7900,6700,9250,45000,62000,10380,20800,26650
2023-03-02,50600,11960,44700,37700,7790,6690,9320,43300,61100,10360,22500,26050
2023-03-03,50000,11710,44000,37050,7800,6630,9290,41750,60800,10170,21700,26300
2023-03-06,50200,11690,43450,37050,7760,6610,9340,41400,60400,10230,21500,26600
2023-03-07,50800,11780,43800,36800,7820,6590,9380,42100,59900,10140,22050,26200
2023-03-08,50600,11650,43500,36600,7780,6550,9270,41800,60000,10020,21850,25000
2023-03-09,50700,11580,42800,36400,7870,6630,9660,43150,60400,10000,21150,24700
2023-03-10,49700,11300,42250,35800,7740,6500,9650,43500,58700,9870,19900,23950
2023-03-13,50300,11400,42700,36050,7540,6470,9400,42700,60200,9890,18730,24400
2023-03-14,48400,11010,41050,35100,7170,6210,8890,39950,56100,9590,17130,24300
2023-03-15,49000,11100,42000,35450,7230,6270,9110,40900,54900,9640,17410,24350
2023-03-16,48050,10950,40650,34450,7140,6170,8850,41750,53300,9600,17510,24150
2023-03-17,48450,11090,41300,34550,7160,6250,8730,42150,53100,9730,17500,24700
2023-03-20,48400,11020,41300,34700,7000,6190,8790,42450,53100,9600,16790,24800
2023-03-21,48450,11270,42050,34950,7120,6250,8650,42250,53300,9710,17460,24500
2023-03-22,49150,11240,41550,35450,7050,6250,8760,41500,54100,9770,17720,25000
2023-03-23,48950,11180,41950,35750,7030,6300,8760,40650,54500,9770,16960,25200
2023-03-24,47050,11010,40350,34550,6900,6210,8400,39950,54600,9640,19880,24800
2023-03-27,46700,10990,40100,34850,6810,6190,8460,39000,53900,9620,21700,23950
2023-03-28,47900,11190,40750,35950,6950,6310,8770,39400,54600,9770,21900,24650
2023-03-29,48050,11250,40450,36200,7010,6350,8770,38850,54200,9930,22150,24100
2023-03-30,47200,11180,40300,35100,7030,6400,8720,39850,54700,9890,23700,23950
2023-03-31,47650,11410,40700,35350,6900,6510,8740,38600,55000,10100,22900,24150
2023-04-03,47300,11270,40600,34550,6780,6490,8490,40300,54700,9880,23750,24000
2023-04-04,47750,11350,41200,35150,6790,6490,8650,41250,55100,9970,22100,24200
2023-04-05,47850,11310,41200,35050,6800,6510,8590,42550,55400,9900,22700,24250
2023-04-06,46650,11090,40350,34300,6730,6440,8400,43050,53000,9770,22850,23300
2023-04-07,47000,11320,40800,34900,6990,6680,8690,43650,53600,9930,23750,23600
2023-04-10,46550,11200,40450,34550,6860,6620,8450,43050,53800,9870,22900,22950
2023-04-11,46950,11310,41050,34650,6890,6720,8510,44300,54600,9960,23100,22350
2023-04-12,46900,11390,41500,34700,6880,6710,8460,45600,54600,10000,22350,22100
2023-04-13,47200,11390,40750,34900,6920,6720,8700,45450,55500,10100,22400,22450
2023-04-14,48650,11670,42200,35350,6950,6780,8610,44500,56800,10120,22350,23750
2023-04-17,48400,11570,41500,35500,6940,6730,8630,43650,56800,10120,24700,23800
2023-04-18,48400,11660,42000,35250,6970,6710,8800,42850,56900,10120,25050,23750
2023-04-19,49450,11740,42200,35650,7020,6750,8860,42900,57300,10180,26800,23400
2023-04-20,50400,11760,42550,35900,7030,6820,8910,43100,57700,10230,24650,23400
2023-04-21,50100,11750,42150,35850,6990,6800,8820,42600,57400,10190,25150,23250
2023-04-24,49200,11670,41600,35350,6900,6700,8640,45350,56100,10140,21900,22900
2023-04-25,49750,11920,42100,35650,6940,6770,8910,45600,55800,10170,22200,22400
2023-04-26,48950,11750,42050,35350,6820,6670,8640,44450,55000,10070,21700,22200
2023-04-27,48250,11620,41650,34900,6720,6570,8250,43800,53700,10060,21300,22050
2023-04-28,49500,11730,41950,34950,6850,6640,8360,45900,55100,10060,19780,22000
2023-05-02,49500,11720,42400,35450,6910,6710,8360,45150,55000,10050,20800,22550
2023-05-03,48300,11560,41550,34850,6870,6630,8230,45800,54400,9900,19840,24100
2023-05-04,48700,11650,41600,35050,6890,6630,8290,45700,53400,10020,19050,23550
2023-05-08,49250,11770,42300,35750,6960,6720,8350,45450,55800,10100,18230,24400
2023-05-09,49150,11820,42200,35550,6990,6690,8310,44700,55600,10120,18910,24750
2023-05-10,48600,11680,40850,34800,6990,6700,8280,43850,55200,10090,18220,25000
2023-05-11,49200,11820,41900,35300,7030,6750,8360,45750,56200,10080,18300,25000
2023-05-12,48600,11750,41100,34650,7010,6710,8370,46300,55400,10070,17400,24450
2023-05-15,48800,11810,41150,34750,7040,6740,8450,44750,54700,10120,17000,24650
2023-05-16,49300,11800,41450,34550,6950,6650,8290,45700,54500,10100,17150,25150
2023-05-17,48850,11710,41250,34600,6940,6670,8300,45350,54200,10070,16910,24850
2023-05-18,49500,11860,41850,34900,7010,6700,8430,44750,54200,10160,16950,24950
2023-05-19,49500,12040,42100,35200,7020,6750,8440,46100,54500,10210,16340,25200
2023-05-22,49350,12030,41900,35300,7070,6780,8440,44600,55600,10330,16290,25800
2023-05-23,49400,12000,41800,35250,7130,6780,8520,44950,55600,10280,16300,26200
2023-05-24,49300,12010,41650,35400,7090,6780,8520,45050,56200,10360,15900,25450
2023-05-25,48300,11880,41050,35000,7040,6800,8510,44150,55100,10270,16100,25300
2023-05-26,47950,11870,40750,34800,7000,6720,8440,44500,54300,10230,15550,25000
2023-05-30,48350,11960,41250,35200,7010,6740,8480,45000,55800,10320,15680,25950
2023-05-31,48000,11980,41450,35050,7010,6710,8500,44950,55400,10210,15820,26200
2023-06-01,46800,11840,41000,34700,7010,6720,8470,44300,54800,10150,16000,26250
2023-06-02,47450,11890,41650,34950,7060,6780,8530,46850,55500,10240,15810,26550
2023-06-05,48550,12040,41950,35250,7150,6840,8580,46450,56200,10260,15900,26950
2023-06-07,48400,11970,41900,35200,7120,6850,8600,46300,55900,10310,15660,26900
2023-06-08,48450,12010,41500,35300,7220,6940,8770,46400,55500,10320,15160,26000
2023-06-09,49450,12180,42200,35700,7240,7010,8990,44650,56200,10360,15060,25850
2023-06-12,48750,12070,41700,35250,7210,6930,8870,44000,55500,10360,14620,26900
2023-06-13,48500,12010,41000,35050,7250,6920,8870,42850,55500,10390,14230,26600
2023-06-14,48550,11920,41050,34800,7200,6840,8760,42900,55000,10300,13930,26200
2023-06-15,48200,11910,40900,34800,7170,6850,8630,42600,54900,10270,13740,25400
2023-06-16,48300,11890,40850,34800,7200,6910,8560,43900,55100,10290,13180,25850
2023-06-19,48150,11940,40750,34550,7200,6910,8650,43000,53900,10310,13890,25150
2023-06-20,47850,12010,40500,34600,7220,6910,8620,43350,54200,10300,13120,24950
2023-06-21,46900,11880,40100,34250,7180,6890,8530,43500,53600,10260,12760,24500
2023-06-22,47800,12050,40600,34750,7240,6940,8600,43500,52800,10300,12760,24450
2023-06-23,46950,11930,39950,34400,7190,6860,8510,42050,50400,10180,12510,23650
2023-06-26,47200,11960,39650,34650,7140,6810,8560,41950,51800,10250,12130,23850
2023-06-27,47550,11960,39850,34650,7190,6910,8540,41250,51100,10260,12100,24150
2023-06-28,48150,11980,40250,34700,7240,6960,8520,41650,51300,10330,11900,24150
2023-06-29,47100,11610,38800,33850,7080,6780,8470,41500,50500,10200,12610,23750
2023-06-30,47750,11790,39200,34000,7270,6930,8470,41500,51600,10340,13750,23750
2023-07-03,48650,11930,40200,34500,7490,7030,8620,42350,52300,10400,13510,24500
2023-07-04,48400,11810,39550,34100,7500,6980,8540,42400,51100,10320,14240,23750
2023-07-05,47750,11700,39050,33750,7420,6860,8470,42800,50600,10260,14600,23250
2023-07-06,46700,11400,38000,33050,7240,6730,8280,42250,48950,10140,14370,23050
2023-07-07,46500,11360,37700,32500,7190,6670,8220,41150,48250,10100,14590,22850
2023-07-10,46750,11390,37950,32700,7190,6610,8250,43000,48700,10180,13850,23150
2023-07-11,47250,11490,38450,33150,7280,6650,8260,44000,49750,10230,13580,24050
2023-07-12,47000,11550,38500,33350,7350,6690,8170,44400,50300,10250,12100,24550
2023-07-13,47100,11600,38150,33350,7330,6730,8190,44350,50500,10260,11830,25300
2023-07-14,48750,11790,39300,34100,7350,6780,8370,45550,52100,10360,11270,25700
2023-07-17,48650,11710,39050,34050,7300,6780,8460,45400,51100,10260,11080,25950
2023-07-18,48150,11650,39000,33600,7200,6700,8480,44500,51100,10170,10690,25600
2023-07-19,48150,11660,38750,33550,7180,6620,8510,45200,50600,10180,10910,25500
2023-07-20,48200,11640,38950,33800,7220,6670,8580,47150,49800,10160,10930,25450
2023-07-21,48650,11760,39150,33950,7230,6690,8580,48000,49600,10240,10770,25700
2023-07-24,47650,11670,38500,33300,7170,6590,8500,47800,48550,10160,10370,24800
2023-07-25,47650,11640,38550,33050,7060,6580,8370,48950,48450,10190,10100,24050
2023-07-26,49600,11770,39400,33400,7000,6580,8470,47950,47500,10210,9460,24100
2023-07-27,51700,12140,41200,35150,7230,6790,8730,48450,48850,10390,9840,25700
2023-07-28,51100,11480,39700,34900,7170,6700,8580,48200,48500,10380,9940,25300
2023-07-31,51000,11650,39300,35050,7310,6760,8560,49200,48850,10390,9970,26000
2023-08-01,52800,11700,39900,35950,7490,6870,8650,49650,50800,10490,10260,29650
2023-08-02,52600,11650,39400,35600,7460,6710,8580,49000,50200,10550,9870,28100
2023-08-03,51200,11570,38450,34950,7400,6680,8530,49500,50200,10400,9680,28350
2023-08-04,52000,11600,38550,35100,7430,6750,8750,50200,50500,10480,9780,28700
2023-08-07,51200,11530,38550,35550,7410,6750,8750,50500,52700,10480,9550,28750
2023-08-08,51800,11520,38450,35650,7530,6770,8900,49800,52300,10500,9380,28300
2023-08-09,50800,11420,37900,35100,7410,6730,8670,49500,52000,10470,9400,28050
2023-08-10,51400,11390,37900,34800,7360,6660,8660,48200,51900,10400,9400,27750
2023-08-11,51600,11420,38200,34800,7360,6610,8740,49750,52200,10410,9370,27600
2023-08-14,51600,11440,38300,34950,7360,6640,8710,50200,51800,10440,9160,27100
2023-08-16,51000,11320,37850,34550,7240,6570,8620,49700,50600,10420,8880,26600
2023-08-17,51800,11360,38000,34750,7260,6590,8620,49700,50700,10430,9030,25850
2023-08-18,52000,11380,37550,34800,7330,6600,8640,49550,50500,10440,8760,25600
2023-08-21,51800,11460,38050,35100,7280,6580,8630,49600,50400,10430,8780,25650
2023-08-22,52200,11450,38100,34950,7310,6560,8640,50000,51000,10460,8600,25550
2023-08-23,52600,11570,38800,35050,7270,6610,8700,50900,50700,10510,8570,25600
2023-08-24,53200,11600,38550,35050,7320,6620,8730,50700,50500,10500,8680,25000
2023-08-25,52500,11560,38750,35200,7350,6650,8790,51500,50700,10650,9050,24450
2023-08-28,52600,11650,39050,35550,7430,6700,8960,51800,51400,10690,9010,24600
2023-08-29,52900,11710,39400,35600,7450,6700,8960,53200,52100,10800,9050,24750
2023-08-30,52600,11690,39150,35400,7420,6690,9010,53900,51900,10710,9080,25850
2023-08-31,54100,11910,39550,35550,7500,6820,9710,54700,52000,10760,9050,26350
2023-09-01,53600,11870,39500,35450,7440,6770,9550,54300,51900,10760,8980,25600
2023-09-04,54000,11900,39850,35700,7520,6850,9770,54100,53300,10860,8960,25850
2023-09-05,53900,11900,39650,35550,7490,6810,9760,54000,52400,10860,8920,25700
2023-09-06,54300,11950,39950,35700,7500,6780,10040,54400,52700,10900,8770,25750
2023-09-07,54200,11950,40100,35700,7490,6830,10060,54200,52500,10850,8650,25100
2023-09-08,54100,12000,40150,35750,7550,6850,10100,55000,53100,10920,8670,24950
2023-09-11,55200,12100,40700,36450,7770,6950,10270,55300,53400,11060,8670,24700
2023-09-12,54800,12050,40650,36000,7740,6910,10230,54400,52700,10890,8610,24650
2023-09-13,55500,12250,41300,36750,7740,6960,10100,54800,54300,11040,8370,24750
2023-09-14,56100,12270,41650,36650,8000,7050,10300,55200,55000,11130,8650,25050
2023-09-15,57300,12590,43500,38000,8040,7140,10390,55500,56500,11340,8610,26050
2023-09-18,57200,12560,43400,37700,8280,7200,10400,54800,56400,11340,8480,25050
2023-09-19,56200,12490,43250,37350,8200,7210,10410,54700,57500,11430,8400,25050
2023-09-20,56800,12560,44000,37800,8160,7000,10320,54200,56700,11500,8290,25100
2023-09-21,57300,12510,44250,37500,8040,6980,10320,54000,55600,11480,8060,24000
2023-09-22,57500,12530,44400,37450,8080,7040,10480,57400,54800,11450,8140,23750
2023-09-25,57400,12430,43950,37100,8080,7020,10380,58600,55500,11450,7770,23750
2023-09-26,55700,12220,42600,35600,7880,6890,10100,56400,53400,11190,7610,22800
2023-09-27,55300,12260,42450,35600,7870,6850,9960,55200,53100,11210,7820,23350
2023-10-04,54700,12040,41400,35050,7710,6760,9670,52600,51700,11090,7380,22600
2023-10-05,53600,11980,40900,34300,7700,6770,9670,52900,52400,11080,7340,22700
2023-10-06,55800,12310,42800,35350,7950,6900,10150,53400,51900,11380,7400,23200
2023-10-10,56600,12420,43150,35550,8230,7060,10330,53400,53900,11400,7310,23400
2023-10-11,55600,12460,42550,35500,8170,7040,10330,53600,53200,11450,7420,23850
2023-10-12,56500,12520,43250,35550,8270,7140,10490,53500,54200,11580,7510,24150
2023-10-13,56600,12540,43500,35500,8240,7150,10700,53500,53800,11750,7420,23250
2023-10-16,56600,12580,43700,35500,8280,7180,10730,52800,53000,11830,7250,23150
2023-10-17,56400,12510,43150,35300,8260,7150,11020,51700,52900,11810,7460,22950
2023-10-18,57700,12730,44000,36400,8430,7220,11340,52500,53800,12080,8100,22900
2023-10-19,57200,12550,43750,35950,8240,7090,10510,51100,52000,11920,10530,22950
2023-10-20,56800,12530,43400,35950,8240,7150,10430,50100,51500,11920,10380,21800
2023-10-23,55200,12290,42300,35100,8130,7050,10230,47900,48800,11710,9730,20950
2023-10-24,55600,12280,42250,35000,8130,6960,10330,48800,50600,11660,10050,20950
2023-10-25,54400,12370,42550,35350,8250,7040,10270,50500,51200,11720,10600,20450
2023-10-26,53300,12200,41800,35050,8120,7000,10160,49400,49550,11560,11020,19510
2023-10-27,52500,12050,41200,35000,8090,6890,10190,49700,49550,11520,10700,18780
2023-10-30,51100,11880,39650,34100,7970,6810,10100,50300,49850,11140,10820,18460
2023-10-31,51500,11900,39200,34750,7860,6780,10100,50200,50300,11170,11100,18160
2023-11-01,51300,12060,39600,35000,7920,6820,10330,51000,51500,11260,10840,18760
2023-11-02,51000,12030,39000,34500,7830,6720,10070,51200,52500,11190,9970,20300
2023-11-03,52600,12140,40250,34900,7980,6800,10320,51900,54200,11310,9390,21100
2023-11-06,55700,12570,42250,36100,8200,7040,10770,52100,58500,11580,9260,24600
2023-11-07,52300,12410,40850,35050,8040,6990,10570,52600,57300,11490,8810,22850
2023-11-08,52100,12250,40450,34900,8020,6940,10730,52600,56300,11430,8510,23000
2023-11-09,53400,12280,40500,34800,8130,7000,10870,53200,57100,11510,8730,24050
2023-11-10,53500,12320,40800,35300,8070,7000,10660,52900,56900,11470,8870,22950
2023-11-13,52900,12400,40800,35400,8140,7050,10760,54200,57400,11570,8570,23250
2023-11-14,53500,12540,41300,35700,8290,7110,10880,56400,58300,11720,8570,23450
2023-11-15,54600,12620,41900,36300,8270,7090,10990,58100,59100,11670,8850,24350
2023-11-16,54300,12600,42000,36350,8380,7070,10940,55300,59200,11700,8620,24350
2023-11-17,54600,12510,41600,36100,8270,7070,10910,55900,57900,11680,8300,23700
2023-11-20,53900,12490,41600,36300,8320,7100,10890,54500,58400,11620,8410,23900
2023-11-21,54100,12720,41900,36950,8370,7130,10890,55800,58800,11700,8410,26000
2023-11-22,54500,12700,41800,36850,8360,7070,10940,55700,58500,11680,8450,26000
2023-11-23,54300,12710,42300,36950,8330,7110,10830,55700,58600,11670,8410,26000
2023-11-24,53700,12700,41750,36750,8350,7130,10830,54400,58000,11700,8380,25550
2023-11-27,52400,12750,41550,36750,8430,7180,10900,55200,58800,11730,8110,25250
2023-11-28,52400,12920,41600,37000,8440,7190,10820,55000,58900,11720,8180,26300
2023-11-29,51700,12800,41250,36300,8410,7160,10790,54200,58200,11720,8080,26000
2023-11-30,52400,13020,41650,36900,8500,7170,10390,55500,59900,11830,8120,26200
2023-12-01,51900,12910,41850,36400,8480,7160,10420,55700,58700,11870,8080,25450
2023-12-04,51500,12870,41700,36750,8460,7130,10350,56000,59600,11800,8230,25400
2023-12-05,51500,12900,41600,36700,8420,7120,10210,56500,59900,11800,8040,25250
2023-12-06,52000,12810,41600,36700,8470,7140,10330,58200,61700,11850,8160,25750
2023-12-07,51400,12800,41150,36350,8420,7100,10370,58600,61200,11830,8070,25850
2023-12-08,51800,12810,41450,36650,8400,7130,10390,58500,61500,11860,8110,26000
2023-12-11,51600,12830,41600,36600,8400,7110,10440,58000,62500,11870,8110,26250
2023-12-12,52100,12940,42100,37150,8370,7140,10580,58000,62500,11890,8070,26100
2023-12-13,51500,12940,41650,37050,8360,7140,10610,58000,61200,11890,8000,25950
2023-12-14,51900,12980,41850,37900,8370,7150,10580,57600,63100,11860,7830,26850
2023-12-15,53200,13040,42950,38900,8360,7150,10610,57200,62700,11890,8050,27100
2023-12-18,52500,12920,42350,38700,8270,7120,10450,56400,62400,11800,8110,26900
2023-12-19,52000,12900,42200,38450,8180,7100,10430,57000,62700,11750,8060,26250
2023-12-20,53200,12990,43000,39400,8380,7180,10490,57900,63300,11800,8100,27400
2023-12-21,53100,12980,43050,39300,8420,7160,10490,57000,62700,11850,8040,27500
2023-12-22,52500,13000,42900,38800,8440,7130,10640,56400,62000,11910,8040,27200
2023-12-26,52500,13000,43450,39100,8490,7160,10810,59200,63100,11730,7930,27450
2023-12-27,52300,12890,42800,39000,8400,7080,11000,55800,60000,11740,7930,27700
2023-12-28,54100,13000,43400,40150,8490,7140,11390,59100,61300,11860,8110,28500
2024-01-02,53600,12840,42800,39350,8410,7010,11070,58800,59200,11790,8040,28000
2024-01-03,52600,12690,42350,37900,8410,6990,11280,58400,56400,11650,8140,27200
2024-01-04,51700,12470,41350,37300,8290,6910,11200,57100,55700,11470,7960,26200
2024-01-05,51300,12490,41500,36850,8140,6910,11000,56600,54500,11480,7910,25900
2024-01-08,52200,12530,41250,36950,8080,6890,10640,56300,54100,11480,7960,25950
2024-01-09,52400,12590,41650,37250,8150,6930,10710,56800,54200,11550,8020,26500
2024-01-10,51300,12480,41150,36750,8240,7000,10720,57900,53800,11470,7900,27050
2024-01-11,51000,12470,41250,37200,8240,7030,10710,58600,55700,11480,7920,29700
2024-01-12,51000,12540,41450,36650,8260,7030,10700,59300,56200,11540,7790,29400
2024-01-15,51600,12620,42500,37200,8380,7020,10770,59500,56000,11620,7770,31450
2024-01-16,51100,12530,41550,36850,8380,7020,10690,61100,56800,11570,7680,30450
2024-01-17,49800,12450,41300,36550,8340,6970,10640,59000,55900,11580,7560,29000
2024-01-18,49400,12470,41100,36350,8220,6920,10590,59700,55300,11490,7550,28500
2024-01-19,49500,12620,41200,36800,8300,7000,10600,59800,56100,11630,7510,28400
2024-01-22,49300,12610,41250,37150,8270,6980,10640,60400,55600,11600,7410,27850
2024-01-23,51400,12800,42900,39000,8360,7070,10700,61900,57100,11700,7490,29300
2024-01-24,52100,13000,43600,40050,8460,7130,10770,61900,57600,11870,9000,29200
2024-01-25,52900,13030,43750,39650,8580,7190,10790,62300,58200,11890,9180,29250
2024-01-26,53800,13130,44850,39800,8600,7220,10840,63000,58600,11900,8900,29100
2024-01-29,55600,13480,46400,40500,8830,7420,11160,64300,58700,12100,9110,27650
2024-01-30,55900,13490,46300,39950,8830,7410,11270,65300,61400,12040,9860,27600
2024-01-31,56600,13880,47800,40850,9010,7530,11440,68500,61400,12520,12810,27300
2024-02-01,61300,14410,52000,42500,9800,7870,12580,70000,66200,13130,13230,26850
2024-02-02,66300,14710,55900,45300,9640,7860,12260,71700,66300,13240,13620,29300
2024-02-05,62700,14750,55200,42700,9470,7690,12000,69600,64600,13630,13380,27500
2024-02-06,63100,14580,54300,42150,9240,7500,11710,67500,63500,13270,13510,27300
2024-02-07,64700,14500,55600,42850,9540,7710,12020,70000,65100,13310,12700,28400
2024-02-08,67600,14610,56600,44150,9570,7820,12330,71800,65100,13410,12650,29100
2024-02-13,69700,14380,55500,44500,9340,7810,12210,71200,65900,13510,12700,29700
2024-02-14,67300,14020,53400,43800,9150,7670,11810,72000,67200,13260,12500,29800
2024-02-15,65100,14120,53000,43000,9190,7720,11800,71300,65500,13320,11480,29800
2024-02-16,67700,14750,55700,44500,9350,7890,12280,74800,69600,13720,11730,30100
2024-02-19,68800,15060,58900,45050,9380,8020,12520,78600,70900,14020,15240,30000
2024-02-20,67900,14660,56200,43250,9210,7870,12750,75200,69300,13660,13940,29450
2024-02-21,65100,14800,56000,43050,9190,7900,12890,75000,70500,13740,13140,29600
2024-02-22,64900,14830,57000,42600,9210,7880,13010,75600,70200,13600,12800,29650
2024-02-23,65800,14920,58900,43300,9350,7950,13390,82600,71000,13760,12310,30100
2024-02-26,62500,14630,55400,41350,9140,7720,13360,85200,69500,13400,11710,30150
2024-02-27,62400,14940,54700,42000,9230,7720,13610,85500,69000,13450,11150,29550
2024-02-28,62300,14520,55600,42900,8920,7500,13200,84200,70500,13630,11920,28650
2024-02-29,63500,14900,56600,43550,8860,7500,13160,83100,71000,14000,12090,28450
2024-03-04,69000,14640,60200,44200,8950,7650,13640,82100,73600,14040,12100,28400
2024-03-05,69500,14470,59700,44050,8930,7600,13900,81600,74100,13960,12100,27550
2024-03-06,69800,14500,59200,45600,8960,7690,13590,79300,71200,14000,12400,27650
2024-03-07,71200,14470,59800,45400,9130,7900,14010,80400,71400,14040,12360,28700
2024-03-08,70900,14290,59700,46000,9110,7910,13800,81500,71900,14150,12030,28750
2024-03-11,70700,14250,59500,45700,9020,7920,13320,81400,67800,14250,11890,28900
2024-03-12,73200,14270,59500,45500,8990,7840,13100,81300,67300,14720,11680,28900
2024-03-13,77500,14600,60800,47600,9070,7990,13350,82500,69700,14880,14460,29100
2024-03-14,78600,15160,64600,51500,9300,8340,13330,85300,72500,15700,13800,29250
2024-03-15,76200,15230,62100,49600,9120,8250,13340,83200,70000,15250,12400,28400
2024-03-18,74400,14910,62000,48950,8810,8030,13010,82400,69100,15050,12160,27950
2024-03-19,72500,14660,61400,47850,8640,7940,12820,80200,69000,14700,12810,27850
2024-03-20,73800,14710,62000,48800,8730,8060,12960,80100,71300,14820,12700,27900
2024-03-21,76100,15290,63900,50900,8970,8360,13590,81800,72800,15160,12670,28250
2024-03-22,74900,15200,64000,50600,8950,8300,13400,84200,71400,15280,12500,28100
2024-03-25,72000,15130,62600,50600,8860,8140,13400,84600,69200,15380,12470,27800
2024-03-26,71800,15120,61400,49750,8870,8210,13720,84900,69400,15200,12590,28850
2024-03-27,69000,14610,58900,47000,8760,8010,13210,80200,68700,14790,12530,28200
2024-03-28,70300,14590,58900,47200,8700,7980,13040,81700,66600,13950,12400,28100
2024-03-29,69500,14320,57700,46000,8550,7770,13200,81700,66600,13500,12400,27550
2024-04-01,68400,14070,56400,45550,8490,7810,12660,82000,66800,13310,12130,27400
2024-04-02,68900,14050,56500,44900,8470,7720,12430,81100,67500,13220,12240,26550
2024-04-03,67300,13760,55600,43500,8480,7680,12390,80200,65800,13220,12370,26350
2024-04-04,69500,14010,58300,44550,8490,7710,12470,82600,67200,13340,12440,25950
2024-04-05,69100,13930,57800,44100,8430,7710,12250,82800,66400,13310,12300,25450
2024-04-08,69300,14030,59200,44400,8420,7800,12500,81900,67700,13460,12540,25750
2024-04-09,69100,13910,58100,43600,8310,7840,12650,81400,65700,13290,12890,25900
2024-04-11,68300,13770,58000,43100,8140,7650,12180,80700,63800,13100,12620,26150
2024-04-12,66300,13410,55000,41850,8050,7510,12050,78200,62800,12740,12590,24850
2024-04-15,66200,13560,55400,42150,8150,7600,11950,76900,63300,12770,12590,24750
2024-04-16,64400,13400,53600,41050,8140,7730,12020,74300,61700,12720,14770,23800
2024-04-17,63100,13170,52300,40550,8140,7750,11970,73100,60900,12800,15420,23200
2024-04-18,64000,13500,53500,41900,8100,7820,12090,76300,61800,13280,14750,24050
2024-04-19,63700,13540,52400,41750,8000,7740,11980,75000,60900,13350,14910,23750
2024-04-22,69500,14150,57000,44300,8280,8040,12560,79400,65900,13640,15310,24700
2024-04-23,70200,14200,57600,43900,8430,8270,13020,78800,64600,13700,15080,24500
2024-04-24,68900,14120,56500,43300,8400,8200,12960,77500,65500,13590,14960,24700
2024-04-25,69300,14020,56600,43500,8420,8350,12910,77800,66000,13560,15810,24400
2024-04-26,76000,14350,60000,46750,8570,8390,13110,79700,66800,13850,15050,24650
2024-04-29,76600,14190,59700,46850,8640,8470,13360,81000,67200,13950,14860,25100
2024-04-30,75600,14230,58700,46650,8480,8390,13310,79400,67400,13950,14910,25100
2024-05-02,72300,13980,57000,45800,8360,8370,13190,78700,64900,13600,13790,24800
2024-05-03,73700,14130,58000,46450,8330,8500,13170,79100,65400,13660,13650,25300
2024-05-07,73900,14190,58100,46250,8380,8460,13260,80300,66000,13760,13510,25850
2024-05-08,77700,14500,60600,47300,8400,8520,13330,81300,69100,13950,13620,25600
2024-05-09,76600,14340,59500,46500,8290,8430,13370,80300,68300,13840,13930,24050
2024-05-10,79300,14530,62100,47750,8360,8640,13380,82300,69800,13880,13280,24050
2024-05-13,81600,14590,63600,47750,8340,8620,13330,84200,69900,13920,13290,23850
2024-05-14,79600,14440,61400,47500,8230,8450,13070,85400,70600,13760,13210,23700
2024-05-16,81000,14640,63600,48150,8560,8660,13320,81400,70900,13980,12980,23800
2024-05-17,80100,14580,63100,47700,8230,8570,13190,81300,69800,13900,12940,23500
2024-05-20,81600,14740,64300,49000,8370,8590,13260,80900,70000,14180,12610,23500
2024-05-21,81600,14870,63400,48900,8390,8590,13210,81100,69600,14110,12610,23050
2024-05-22,79100,14820,62300,47850,8350,8510,13240,78300,69600,13950,12270,23300
2024-05-23,77300,14480,61300,47550,8280,8450,13130,77500,68400,13720,12320,23200
2024-05-24,76900,14430,61100,47400,8170,8400,13130,77600,67500,13710,12450,22650
2024-05-27,76300,14350,62300,47000,8170,8370,13490,76700,67100,13510,12100,23300
2024-05-28,77100,14220,61700,46550,8140,8300,13460,76600,66000,13420,12010,22900
2024-05-29,78100,14240,61500,46300,8260,8390,13580,75500,65400,13420,12350,22500
2024-05-30,78700,14030,60900,46000,8150,8360,13410,76100,64500,13280,13660,22150
2024-05-31,79400,14170,61700,47150,8240,8450,14620,76900,65200,13760,13100,22250
2024-06-03,79300,14250,62700,47000,8170,8430,14330,76400,65400,13600,12450,22500
2024-06-04,77600,14070,60400,45400,8060,8250,14190,75100,63800,13460,12140,22250
2024-06-05,77400,14080,59700,45550,8040,8150,13980,75500,65100,13440,12180,22200
2024-06-07,79600,14280,60400,47100,8170,8240,14110,75500,67700,13620,12080,22700
2024-06-10,78400,14100,59700,46200,8060,8170,13720,75200,68400,13420,12070,22400
2024-06-11,78400,14100,59700,46200,7930,8080,13430,73800,67200,13410,12080,22350
2024-06-12,79100,14180,60300,47800,7900,8120,13660,74200,66400,13380,12120,22500
2024-06-13,81000,13960,59600,46950,7850,8050,13350,73500,66200,13310,12030,22100
2024-06-14,80900,14120,58600,46950,7860,8030,13600,73100,65200,13370,11350,21600
2024-06-17,78300,13950,58500,46200,7840,8040,13640,74600,64900,13170,11130,21250
2024-06-18,77400,14120,58400,45700,7970,7950,13540,76100,67000,13310,11250,20950
2024-06-19,78900,14140,59000,46350,7930,8030,13950,76700,67000,13390,11180,21100
2024-06-20,80800,14360,60200,47650,8020,8170,14230,78000,68300,13560,11200,21150
2024-06-21,78600,14240,59900,47600,7990,8200,14370,76500,67200,13500,11130,21400
2024-06-24,80000,14490,59900,48000,7990,8230,14320,75900,66900,13620,11160,21000
2024-06-25,79000,14630,60500,47450,7960,8350,14550,76000,67800,13740,11120,21150
2024-06-26,78900,14470,60400,47650,7880,8320,14290,74500,68400,13710,11060,21000
2024-06-27,78500,14450,60400,47150,7820,8290,14300,75900,67300,13710,11110,20250
2024-06-28,78500,14690,60700,48150,8020,8470,14640,79100,70000,14020,11110,20300
2024-07-01,79600,14400,60200,47850,7980,8390,14430,77400,68600,13850,11130,21000
2024-07-02,83200,14480,62900,49500,8030,8530,14540,79200,68800,14000,11710,20800
2024-07-03,84400,14640,64600,51100,8060,8630,14790,82200,70400,14050,11620,20800
2024-07-04,85900,14850,65800,52500,8210,8790,15190,83400,72300,14250,11720,21050
2024-07-05,88200,14760,66200,53500,8120,8800,15860,83400,72200,14250,11640,21400
2024-07-08,86900,14740,64100,52000,8000,8650,15260,81800,71700,14100,11380,21700
2024-07-09,85200,14690,62400,51500,7920,8600,14640,80700,71000,13880,11420,21750
2024-07-10,83600,14660,61700,51000,7900,8460,14500,81100,70200,13880,11390,21500
2024-07-11,85400,14880,62000,52000,7920,8570,14510,82300,71600,14030,11500,21700
2024-07-12,87000,14840,62400,52400,7940,8630,14470,82000,71500,14020,11300,22150
2024-07-15,85700,14750,62000,51800,7870,8550,14290,81600,71900,13870,11020,21500
2024-07-16,84100,14770,62100,52600,7890,8580,14470,81500,73000,13900,11070,21250
2024-07-17,84100,14860,62000,53800,7900,8540,14460,82300,75200,13910,11120,21550
2024-07-18,84400,14900,61800,54300,8060,8640,14810,80700,74300,13990,11020,21450
2024-07-19,84800,14870,62700,53400,8070,8640,14680,82500,73700,13960,10920,21400
2024-07-22,86500,14930,63600,55000,8020,8610,14960,81900,72500,13970,10420,21100
2024-07-23,88300,14860,63300,55100,8060,8620,14930,81600,72600,13900,10430,20300
2024-07-24,84600,14670,61600,54800,8020,8570,14920,81900,71000,13880,10370,20400
2024-07-25,84000,14530,60900,54500,7950,8500,14320,79800,70000,13810,10310,21400
2024-07-26,87900,16180,63500,58000,8110,8910,14300,81500,71800,14230,9870,21200
2024-07-29,90800,16330,63000,60700,8250,9430,14410,83200,73400,14380,10100,21850
2024-07-30,89300,15680,64000,59500,8020,9510,14250,82700,72400,13840,9890,21200
2024-07-31,87900,15740,64700,59800,8150,9520,14440,84400,73200,14000,10090,21400
2024-08-01,88300,15830,64500,60700,8280,9630,14480,82700,73000,14000,10140,21550
2024-08-02,83200,15130,62000,57100,8100,9440,14150,80200,70700,13690,9800,21250
2024-08-05,76800,13980,56700,52800,7490,8720,13480,74500,63700,12910,8810,19180
2024-08-06,79500,14150,57800,53200,7710,9030,13430,75800,66300,13060,9150,19680
2024-08-07,81600,14530,59400,53700,7740,9210,13680,80600,67300,13200,9170,21400
2024-08-08,82200,14450,59600,54200,7840,9480,14060,81700,69500,13390,9120,21850
2024-08-09,81900,14670,60300,54000,7870,9580,14070,81900,70400,13430,9240,21550
2024-08-12,82500,14750,60500,54100,7930,9620,14090,83200,70800,13480,9350,21850
2024-08-13,84600,15020,60900,55500,7920,9820,14220,83500,70600,13620,9320,21400
2024-08-14,84400,15270,61200,55000,7930,9770,14280,84000,70600,13720,9400,21700
2024-08-16,84000,15420,61000,55500,7960,9500,14370,88800,71600,13690,9410,22000
2024-08-19,87000,16040,62900,57200,8200,9750,14750,91000,73500,13890,9320,21650
2024-08-20,89900,16510,64500,58400,8320,9920,15160,92500,74100,14170,9650,21500
2024-08-21,87200,16450,65500,58800,8320,9990,15400,91900,74800,14160,9530,21500
2024-08-22,86500,16600,66500,59100,8340,9930,15500,91600,73300,14140,9430,21800
2024-08-23,86800,16540,67300,60000,8360,10030,15350,94000,75000,14160,9500,21900
2024-08-26,88500,16560,68800,61400,8450,10210,15550,95300,75600,14370,9300,22650
2024-08-27,87800,16280,66000,59700,8450,10290,15100,94300,74800,14260,9360,22550
2024-08-28,85800,16030,63300,57600,8270,10040,14570,93000,74200,14030,9120,22300
2024-08-29,86900,16030,63000,57100,8280,10120,14510,93400,73100,13960,9110,22100
2024-08-30,85900,16020,61900,56100,8380,10160,14160,91300,72800,13810,9210,22100
2024-09-02,87700,16290,63400,56300,8390,9930,14340,92500,74000,14040,9220,21500
2024-09-03,87000,16230,63900,57200,8430,10130,14280,93500,74600,14050,9230,21500
2024-09-04,83600,16000,62700,55500,8240,9830,14360,92100,72300,13880,8700,20300
2024-09-05,84600,16050,62900,56200,8270,9950,14490,91100,71600,13900,8880,20500
2024-09-06,83300,15970,62900,57100,8210,9930,14410,89700,70600,13880,8540,20250
2024-09-09,82300,15770,61200,56100,8120,9820,14360,89900,70100,13750,8590,20150
2024-09-10,82900,15600,61500,56600,8190,9860,15200,89200,69700,13730,8460,20100
2024-09-11,77900,14920,57500,53100,8070,9180,14350,88200,68300,13440,8520,20100
2024-09-12,78100,15160,58300,53900,8200,9470,14660,90300,69000,13590,8640,20950
2024-09-13,81800,15420,60700,55900,8290,9750,15440,93100,72900,13890,8730,21400
2024-09-19,82500,15800,61600,56900,8350,9920,15390,95100,75500,14090,8730,22050
2024-09-20,83600,15650,61600,55500,8330,9590,15470,95100,73000,14240,8850,21500
2024-09-23,85000,15710,61700,55800,8210,9460,14950,93000,73600,14110,8750,21600
2024-09-24,82000,15750,59600,56400,8340,9640,15560,93700,73700,14160,8860,22100
2024-09-25,78100,15540,57700,53500,8070,9040,15030,93200,72100,13880,8880,21600
2024-09-26,81200,16100,60900,57000,8220,9290,15620,99200,75600,14100,9050,22350
2024-09-27,83800,15860,60700,56200,8160,9190,15510,97600,75200,14110,9060,21650
2024-09-30,80900,15500,58800,55500,8090,9040,15310,97100,73400,13970,8920,21150
2024-10-02,81300,15460,59500,55900,8090,8980,15490,96300,74600,13880,8740,21000
2024-10-04,82600,15590,59500,54900,8070,9060,15900,97100,74500,13980,8670,21250
2024-10-07,87300,15990,61600,55500,8190,9270,15780,99300,74800,14120,8870,21300
2024-10-08,89400,15850,61300,55400,8060,9170,15710,99000,71800,14130,8710,21300
2024-10-10,89900,16000,61400,56800,8140,9220,15550,100000,74000,13970,8690,22000
2024-10-11,91300,15910,61000,57500,8100,9220,16250,101700,76700,14080,8610,22100
2024-10-14,97200,16540,63800,58100,8130,9380,16500,103700,77200,14330,8860,22400
2024-10-15,95600,16570,64400,57800,8070,9450,16500,102600,76600,14260,8760,22600
2024-10-16,95400,16470,65800,56400,8030,9580,16200,102800,77700,14520,8540,22600
2024-10-17,93700,16420,65700,56800,8120,9680,17150,103700,77000,14400,8420,22400
2024-10-18,94400,16410,65600,56500,8190,9760,17010,106000,77500,14500,8370,22650
2024-10-21,93500,16440,64900,55800,8130,9580,16900,105900,78100,14480,8240,22450
2024-10-22,94100,16620,64600,56000,8160,9640,17250,106100,79000,14540,8210,21750
2024-10-23,94300,16590,64400,56300,8110,9480,17150,103300,77400,14480,8260,21700
2024-10-24,93200,16650,63900,56100,8170,9540,17590,105000,77600,14450,8100,21650
2024-10-25,101000,17080,66500,58000,8220,9910,18290,104800,79200,14720,8200,21650
2024-10-28,96200,16060,65400,56000,8240,9780,18270,103900,78500,14500,8240,22200
2024-10-29,95500,16160,65000,56700,8160,9840,18080,104000,78800,14530,8430,22200
2024-10-30,93900,15900,62600,54500,8140,9450,17980,102500,78100,14460,8220,22100
2024-10-31,90300,15430,59900,51300,8170,9440,17910,102700,77100,14100,8330,21650
2024-11-01,91800,15750,61100,54000,8220,9670,17920,102800,77900,14360,8340,21750
2024-11-04,90700,15810,60300,54500,8180,9400,17760,103400,77700,14360,8450,22550
2024-11-05,91000,15850,60700,54200,8200,9350,17930,103400,77900,14470,8460,22450
2024-11-06,94000,16140,61900,56000,8240,9750,18480,105700,79100,14720,8450,22550
2024-11-07,94100,16120,61200,57000,8240,9620,18470,104500,77200,14670,8530,22200
2024-11-08,93200,16180,61200,56800,8270,9470,18230,105800,77200,14620,8430,22100
2024-11-11,92700,16100,61800,56500,8290,9460,18160,105200,77600,14600,8170,21050
2024-11-12,92700,16110,61400,55800,8250,9490,18340,104000,76800,14430,8010,20500
2024-11-13,91000,16110,60600,56000,8200,9420,17950,103600,74800,14380,7810,20250
2024-11-14,89900,15880,59800,56500,8150,9350,17780,102400,71300,14330,7930,20100
2024-11-15,89600,15890,59100,53700,8150,9320,18220,101800,72800,14230,7960,20250
2024-11-18,91500,16190,60200,53500,8180,9300,18010,104500,73300,14380,8090,20800
2024-11-19,91600,16390,59900,53700,8190,9300,18040,103500,73400,14440,8110,21100
2024-11-20,95600,16610,61100,55700,8330,9590,18760,104600,74400,14660,8180,21250
2024-11-21,97300,16790,61600,55500,8490,9850,18680,103800,74400,14760,8150,21100
2024-11-22,98400,16760,62500,55700,8480,9960,18750,104600,74700,14800,8080,21300
2024-11-25,98000,16850,62900,56400,8560,9960,18410,103500,73100,14650,8180,21700
2024-11-26,96000,16630,62100,54300,8620,10080,18380,101300,74000,14690,8120,21750
2024-11-27,98700,16740,63900,55100,8780,10290,19250,105000,75800,14910,8160,22500
2024-11-28,98000,16800,63900,53500,8950,10530,19940,104900,75000,15090,8090,22550
2024-11-29,96200,16710,62400,53000,8870,10560,19680,102000,74700,14880,7930,22350
2024-12-02,96400,16950,63700,53900,8970,10920,19440,102900,76500,14930,7890,23350
2024-12-03,101200,17200,66000,56400,9330,11880,20450,105800,80800,15170,8120,23450
2024-12-04,95400,16720,61600,52700,9140,11510,19600,103900,78100,14850,7830,24000
2024-12-05,85800,16090,59600,49800,8830,11160,18270,100300,76800,14330,7600,22550
2024-12-06,85300,16190,60800,51300,8780,11140,18300,100600,76400,14600,7610,23650
2024-12-09,82800,15310,57200,50700,8440,10780,17900,98400,73300,14130,6960,22700
2024-12-10,83300,15440,57300,49950,8640,10830,17890,101300,74000,14290,7320,23150
2024-12-11,85400,15630,59200,50400,8730,10950,18130,102000,75000,14680,7670,24150
2024-12-12,87000,15770,60000,50600,8900,11130,18050,101500,76000,14630,7640,23700
2024-12-13,85000,15890,59700,49500,8790,11040,17970,101300,77400,14700,7740,24500
2024-12-16,84600,15670,58900,49500,8730,11070,17460,98400,77500,14610,8090,24050
2024-12-17,84400,15240,58300,48650,8370,10740,16910,97300,74700,14330,8000,23350
2024-12-18,87200,15730,59800,50000,8490,10700,16870,99900,76600,14550,8090,23750
2024-12-19,86900,15490,58400,48850,8410,10590,16510,100400,74400,14460,8070,22600
2024-12-20,85800,15580,56800,48250,8220,10260,16490,98400,72000,14290,7800,22100
2024-12-23,87000,15650,59000,49300,8440,10630,16690,101800,73900,14560,7820,22500
2024-12-24,86500,15740,58900,49400,8450,10730,16680,100200,73300,14730,7800,22150
2024-12-26,85500,15610,58300,48900,8440,10590,16590,99000,72500,14680,7720,21800
2024-12-27,85000,15390,57600,48350,8320,10420,16340,101500,70600,14450,8390,21600
2024-12-30,82900,15370,56800,47650,8180,10340,16280,104000,71300,14330,8530,21050
2025-01-02,83400,15290,56800,47750,8170,10510,15800,104200,70700,14380,8300,20950
2025-01-03,83800,15260,57000,48200,8250,10460,15700,105800,71100,14350,8200,21450
2025-01-06,85500,15430,57800,48950,8210,10400,16100,104600,72200,14450,8270,21750
2025-01-07,85600,15440,57700,48950,8320,10490,16230,105800,74600,14410,8360,21400
2025-01-08,85600,15350,57800,49150,8320,10430,16260,104100,73600,14440,8290,21650
2025-01-09,86700,15400,58500,49500,8320,10400,16260,103900,73600,14520,8250,21650
2025-01-10,87800,15500,58600,49850,8410,10560,16890,104500,74600,14650,8180,21400
2025-01-13,89300,15560,58600,50000,8590,10940,17260,109100,72800,14690,8310,21100
2025-01-14,88800,15520,58000,49500,8660,11170,17350,109200,73800,14740,8190,21100
2025-01-15,89900,15460,57800,50300,8750,11590,18000,108100,74900,14690,8320,21100
2025-01-16,90400,15560,58100,50300,8870,11570,18250,111200,76600,14750,8220,21150
2025-01-17,88600,15500,57300,49450,8890,11360,18220,111800,75700,14710,8080,20650
2025-01-20,88800,15560,57200,49950,9010,11470,18230,110900,75400,14800,8110,20800
2025-01-21,88900,15640,58000,49750,9050,11680,19280,109700,76900,14790,8090,20950
2025-01-22,89400,15800,58700,50000,9150,11960,19460,110000,76800,14980,8010,20950
2025-01-23,88600,15760,59100,50300,9100,11860,19410,109000,76800,15080,8000,20550
2025-01-24,88900,15750,59200,50000,9120,11910,19370,109300,77500,15070,7900,20650
2025-01-31,91700,16100,60500,51100,9220,12160,19770,114200,79500,15530,7950,21200
2025-02-03,88800,15580,59300,50200,9120,12070,19500,111400,77700,15150,7980,21150
2025-02-04,91300,15680,61500,51000,9180,11900,19490,113000,79000,15190,7980,21300
2025-02-05,91000,15740,61800,50700,9220,11920,19520,113300,79000,15200,8080,22850
2025-02-06,84900,15630,61400,50000,9230,11760,19600,109900,79200,15170,8030,23500
2025-02-07,86000,15390,61600,49250,9280,11660,18960,110300,80300,15150,7940,23000
2025-02-10,84900,16310,60700,49400,9300,11550,18340,110100,78000,15260,7950,23150
2025-02-11,84200,16400,60600,49100,9350,11230,17740,111400,78600,15110,7970,23600
2025-02-12,82000,16850,60900,48600,9320,11260,17650,113200,79400,15270,7980,23650
2025-02-13,79400,17190,60600,48450,9370,11230,17860,114100,78100,15320,8030,23450
2025-02-14,79700,17050,60800,48350,9610,11280,18050,117700,80100,15350,8110,23550
2025-02-17,81000,17130,60300,48450,9760,11600,18220,119500,81000,15470,8160,24100
2025-02-18,82100,17240,61200,48450,9770,11680,18100,119100,80800,15580,8160,23950
2025-02-19,82200,17330,62100,48450,9570,11800,18570,119400,80500,15550,8240,23950
2025-02-20,82700,17330,62500,47300,9610,11800,18640,123000,81400,15570,8240,24000
2025-02-21,82700,17220,62300,47650,9580,11700,18400,125000,81600,15500,8290,24150
2025-02-24,82000,17420,62500,47200,9630,11750,18650,125000,82500,15540,8290,24100
2025-02-25,81400,17250,62000,46350,9590,11670,18310,122800,81700,15400,8210,24150
2025-02-26,81500,17260,62500,47550,9650,11810,18400,122800,81500,15520,8190,25150
2025-02-27,80800,17000,61500,47500,9350,11610,18050,122300,78900,15620,8050,25050
2025-02-28,78300,16580,59500,45850,9260,11160,17240,120800,79600,15590,7930,24650
2025-03-04,77900,16250,59400,46150,9150,10750,17400,117900,75600,15480,7830,22700
2025-03-05,76600,16000,57800,44650,8980,10460,17000,122500,75700,15340,7850,22850
2025-03-06,78600,16220,59500,46350,9000,10500,17270,127200,77100,15490,7880,23250
2025-03-07,77700,15970,58000,45000,8850,10500,16930,119000,75000,15500,7770,23050
2025-03-10,78500,16110,59300,45600,8910,10340,16660,119700,74500,15650,7720,23100
2025-03-11,77400,15980,58800,45000,8730,10350,16580,118100,73800,15530,7670,22550
2025-03-12,76900,15990,60500,45150,8840,10540,16710,118500,74800,15630,7730,22950
2025-03-13,78600,16030,61600,45850,8840,10320,16420,117800,74600,15780,7830,22950
2025-03-14,78300,16050,60100,45700,8870,10490,16710,115500,73800,15700,7760,23000
2025-03-17,78900,16470,61000,46550,9140,11000,17080,117700,75500,15800,7810,23600
2025-03-18,80200,16540,61100,46550,9110,10990,16920,118800,75500,15800,7910,23300
2025-03-19,81200,16680,62000,47250,9100,11100,17260,120100,76500,15800,7880,23650
2025-03-20,82300,16730,62200,47550,9120,11000,17380,120200,76600,15780,7750,23050
2025-03-21,81300,16790,62200,47800,9010,10830,17820,117400,76300,15710,7800,22950
2025-03-24,81800,16930,62500,48600,9150,10930,17690,118400,75100,15740,7900,22900
2025-03-25,81900,16910,62600,48950,9130,10780,17820,118200,75000,15770,7760,23150
2025-03-26,81800,16900,62000,48500,9010,10350,17280,119600,76100,15650,7790,23150
2025-03-27,80700,16710,61400,48400,8940,10290,17090,123100,75600,15530,7780,23000
