"시점",서울특별시,서울특별시,서울특별시,종로구,종로구,종로구,중구,중구,중구,용산구,용산구,용산구,성동구,성동구,성동구,광진구,광진구,광진구,동대문구,동대문구,동대문구,중랑구,중랑구,중랑구,성북구,성북구,성북구,강북구,강북구,강북구,도봉구,도봉구,도봉구,노원구,노원구,노원구,은평구,은평구,은평구,서대문구,서대문구,서대문구,마포구,마포구,마포구,양천구,양천구,양천구,강서구,강서구,강서구,구로구,구로구,구로구,금천구,금천구,금천구,영등포구,영등포구,영등포구,동작구,동작구,동작구,관악구,관악구,관악구,서초구,서초구,서초구,강남구,강남구,강남구,송파구,송파구,송파구,강동구,강동구,강동구
"시점",총전입 (명),총전출 (명),순이동 (명),총전입 (명),총전출 (명),순이동 (명),총전입 (명),총전출 (명),순이동 (명),총전입 (명),총전출 (명),순이동 (명),총전입 (명),총전출 (명),순이동 (명),총전입 (명),총전출 (명),순이동 (명),총전입 (명),총전출 (명),순이동 (명),총전입 (명),총전출 (명),순이동 (명),총전입 (명),총전출 (명),순이동 (명),총전입 (명),총전출 (명),순이동 (명),총전입 (명),총전출 (명),순이동 (명),총전입 (명),총전출 (명),순이동 (명),총전입 (명),총전출 (명),순이동 (명),총전입 (명),총전출 (명),순이동 (명),총전입 (명),총전출 (명),순이동 (명),총전입 (명),총전출 (명),순이동 (명),총전입 (명),총전출 (명),순이동 (명),총전입 (명),총전출 (명),순이동 (명),총전입 (명),총전출 (명),순이동 (명),총전입 (명),총전출 (명),순이동 (명),총전입 (명),총전출 (명),순이동 (명),총전입 (명),총전출 (명),순이동 (명),총전입 (명),총전출 (명),순이동 (명),총전입 (명),총전출 (명),순이동 (명),총전입 (명),총전출 (명),순이동 (명),총전입 (명),총전출 (명),순이동 (명)
"2020.01",131105,127159,3946,1961,2026,-65,1715,1681,34,3733,3041,692,3714,4255,-541,4603,4675,-72,4536,4642,-106,4284,4506,-222,5477,5634,-157,3072,3259,-187,2827,3388,-561,6302,6552,-250,5019,5565,-546,5283,4322,961,5279,5350,-71,4989,5274,-285,6494,6789,-295,4687,4683,4,3004,2761,243,5234,5069,165,5133,5535,-402,8347,8521,-174,6076,5930,146,9024,8306,718,9544,9285,259,10768,6110,4658
"2020.02",170587,167282,3305,2765,2649,116,2302,2237,65,3985,3679,306,5003,5650,-647,5811,6040,-229,6260,6258,2,4910,5344,-434,7704,7672,32,3760,4114,-354,3657,4282,-625,8328,9110,-782,6260,6663,-403,6869,5869,1000,7622,7291,331,6959,7488,-529,8129,9370,-1241,5579,6139,-560,3186,3399,-213,9224,7118,2106,7313,7762,-449,10209,10482,-273,7906,7649,257,11266,10796,470,11556,12223,-667,14024,7998,6026
"2020.03",164402,167806,-3404,2581,2634,-53,2226,2307,-81,3798,3879,-81,4941,5750,-809,5830,6461,-631,6636,6523,113,5564,6219,-655,7076,7050,26,4282,4505,-223,3836,4613,-777,7261,8053,-792,6494,7426,-932,7049,5740,1309,7359,7162,197,5242,6224,-982,8871,10055,-1184,5646,6069,-423,3405,3632,-227,8958,7191,1767,7148,7367,-219,10613,10835,-222,6043,6832,-789,8222,9848,-1626,10280,12099,-1819,15041,9332,5709
"2020.04",127208,134325,-7117,1912,2161,-249,1659,1699,-40,3008,3218,-210,3702,4534,-832,4729,5123,-394,4492,4861,-369,4716,5207,-491,5124,5423,-299,3734,3957,-223,3551,4062,-511,5344,6052,-708,6412,6410,2,4520,4343,177,5323,5500,-177,6593,5824,769,7176,8294,-1118,4548,5164,-616,2829,3008,-179,6160,5895,265,5465,5511,-46,8115,8485,-370,4623,5540,-917,6544,8110,-1566,7797,9171,-1374,9132,6773,2359
"2020.05",117734,120443,-2709,1642,1957,-315,1623,1625,-2,2911,2896,15,3528,4010,-482,4275,4512,-237,3948,3918,30,4575,4696,-121,4800,4812,-12,3379,3734,-355,3301,3802,-501,4693,5350,-657,6015,5946,69,3589,3528,61,5227,4857,370,6456,5394,1062,6553,7359,-806,4661,4932,-271,2838,2810,28,5144,4886,258,4993,4825,168,8311,7831,480,4982,5428,-446,6448,7823,-1375,7144,8059,-915,6698,5453,1245
"2020.06",122292,126224,-3932,1790,2035,-245,1628,1676,-48,3046,3029,17,3581,4078,-497,4511,4721,-210,4192,4359,-167,4470,5017,-547,4822,5115,-293,3625,4043,-418,3227,3754,-527,4936,5665,-729,8577,7039,1538,3723,3852,-129,4687,5127,-440,5049,5286,-237,6925,7599,-674,5260,5257,3,2955,3112,-157,5938,5166,772,5071,5136,-65,8525,8171,354,5645,6141,-496,6576,7341,-765,7430,8170,-740,6103,5335,768
"2020.07",115625,121544,-5919,1725,1893,-168,1479,1609,-130,2876,2889,-13,3332,3897,-565,3983,4345,-362,3776,4199,-423,5020,5111,-91,4496,5101,-605,3139,3713,-574,3098,3756,-658,4545,5420,-875,8103,6405,1698,3481,3913,-432,4651,4996,-345,4683,5077,-394,6642,7383,-741,4802,4748,54,2455,2771,-316,5326,4652,674,4578,4890,-312,7340,7362,-22,5375,6128,-753,6870,7504,-634,8416,8448,-32,5434,5334,100
"2020.08",123804,131848,-8044,1803,1986,-183,1584,1592,-8,2977,3067,-90,3286,4036,-750,4218,4842,-624,4291,4810,-519,7098,5602,1496,4441,5259,-818,3049,3638,-589,3037,3808,-771,4922,6158,-1236,6314,5777,537,4792,4425,367,4981,5452,-471,4844,5454,-610,6996,8495,-1499,5619,5464,155,3167,3135,32,6530,5641,889,4832,5649,-817,7679,8151,-472,5197,6246,-1049,7493,8003,-510,8843,9263,-420,5811,5895,-84
"2020.09",127908,137952,-10044,2038,2058,-20,1814,2011,-197,3831,3435,396,3550,4207,-657,4323,4939,-616,4513,4778,-265,5705,5473,232,4736,5395,-659,3456,3934,-478,3506,4242,-736,5260,6486,-1226,6389,6575,-186,5242,4692,550,5736,5867,-131,4653,5423,-770,7295,8748,-1453,5794,5847,-53,3233,3156,77,5978,5653,325,5087,5708,-621,7426,8199,-773,5666,6978,-1312,7101,8060,-959,8411,9534,-1123,7165,6554,611
"2020.10",126788,137100,-10312,1771,1988,-217,1530,1681,-151,3590,3363,227,3714,4456,-742,4497,4943,-446,4057,4631,-574,4790,5147,-357,4901,5684,-783,3226,3857,-631,3711,4271,-560,5108,6015,-907,5809,6145,-336,4047,4435,-388,5164,5780,-616,5045,5628,-583,7423,8375,-952,5061,5311,-250,2892,2939,-47,7013,5872,1141,4926,5822,-896,6676,8125,-1449,7508,8036,-528,9327,8464,863,8417,9948,-1531,6585,6184,401
"2020.11",117563,127049,-9486,1755,1883,-128,1556,1701,-145,3130,3006,124,3152,3806,-654,4295,4645,-350,3947,4359,-412,4544,4897,-353,4526,5410,-884,3316,3900,-584,3284,3789,-505,4770,5519,-749,5460,5946,-486,3601,4042,-441,4873,5475,-602,4446,5033,-587,7112,7820,-708,4649,5003,-354,2847,3036,-189,6825,5558,1267,4613,5400,-787,6943,7979,-1036,5746,5911,-165,7572,7869,-297,8892,9423,-531,5709,5639,70
"2020.12",133111,144245,-11134,1889,1984,-95,1661,1914,-253,3397,3483,-86,3650,4417,-767,4851,5457,-606,4260,4797,-537,4538,4993,-455,4850,5676,-826,3587,4002,-415,3400,4125,-725,6707,7327,-620,5512,6268,-756,4308,4418,-110,5313,5810,-497,5122,5916,-794,7582,9286,-1704,4579,5407,-828,2942,3204,-262,6979,5825,1154,5337,6045,-708,8117,9085,-968,6483,6850,-367,8882,9458,-576,10198,10834,-636,8967,7664,1303
"2021.01",114415,124855,-10440,1658,1887,-229,1585,1758,-173,2892,2894,-2,3298,3809,-511,4059,4684,-625,3537,4299,-762,4266,4427,-161,6304,5743,561,2906,3389,-483,2601,3486,-885,5328,6452,-1124,4490,5063,-573,3507,3940,-433,4538,4914,-376,4096,4973,-877,6247,7255,-1008,3675,4627,-952,2551,2652,-101,5631,5038,593,4646,5464,-818,7286,8112,-826,5255,5729,-474,7487,8193,-706,8829,9646,-817,7743,6421,1322
"2021.02",141936,151351,-9415,2288,2490,-202,1854,2052,-198,3768,3647,121,4237,4826,-589,4726,5546,-820,5209,5442,-233,4499,5039,-540,7351,7051,300,3208,4006,-798,3151,3946,-795,6149,7556,-1407,5008,5895,-887,4599,5176,-577,5731,6035,-304,7471,6567,904,8317,8459,-142,4350,5253,-903,2600,2934,-334,6206,6076,130,6461,7176,-715,8358,9133,-775,6476,7416,-940,9379,10064,-685,10344,12160,-1816,10196,7406,2790
"2021.03",151617,157833,-6216,2644,2697,-53,1966,2144,-178,4462,3882,580,4656,5041,-385,5432,5827,-395,5640,5544,96,5129,5652,-523,6761,6949,-188,3802,4286,-484,3754,4319,-565,6372,7049,-677,6021,6651,-630,4930,5090,-160,6599,6786,-187,6162,6402,-240,9737,9491,246,5175,5421,-246,3388,3440,-52,6206,6220,-14,7245,6856,389,9971,10248,-277,6102,7127,-1025,8868,10145,-1277,10653,12743,-2090,9942,7823,2119
"2021.04",117475,127213,-9738,1817,1978,-161,1623,1680,-57,2991,3253,-262,3329,3744,-415,4431,4839,-408,3853,4217,-364,4392,4923,-531,4881,5319,-438,3372,3758,-386,3267,3695,-428,4761,5501,-740,5167,5799,-632,3333,3936,-603,6446,5431,1015,4325,4908,-583,7919,7733,186,4064,4686,-622,2857,3062,-205,5419,5391,28,5479,5563,-84,7346,8138,-792,4685,5729,-1044,6479,7730,-1251,8787,10097,-1310,6452,6103,349
"2021.05",112967,121276,-8309,1726,1918,-192,1634,1744,-110,3074,3338,-264,3191,3640,-449,4220,4438,-218,3753,4002,-249,4217,4721,-504,4309,4704,-395,3156,3560,-404,3297,3658,-361,4457,5121,-664,5958,5655,303,3378,3818,-440,5448,5089,359,4227,4805,-578,7601,7766,-165,3908,4440,-532,3308,3101,207,4917,5137,-220,5001,5281,-280,7159,7426,-267,4530,5531,-1001,6628,7706,-1078,8295,9135,-840,5575,5542,33
"2021.06",104704,112992,-8288,1618,1916,-298,1545,1621,-76,2824,3170,-346,2917,3485,-568,3845,4178,-333,3566,3756,-190,3926,4415,-489,4039,4346,-307,2936,3384,-448,3117,3372,-255,4192,4710,-518,5611,5358,253,3091,3394,-303,4780,4618,162,3900,4476,-576,6991,7019,-28,3510,4265,-755,3145,2818,327,4421,4668,-247,4517,4803,-286,6760,7086,-326,5306,6094,-788,6222,6828,-606,7051,8002,-951,4874,5210,-336
"2021.07",111646,120075,-8429,1715,2035,-320,1685,1752,-67,2944,3371,-427,3091,3591,-500,3988,4385,-397,3747,3816,-69,3917,4467,-550,4242,4553,-311,2885,3362,-477,3084,3503,-419,4114,4942,-828,4847,5201,-354,3139,3388,-249,4827,4800,27,4161,4733,-572,6809,7329,-520,3775,4351,-576,3125,2633,492,4660,4755,-95,5575,5643,-68,7240,7484,-244,8301,8499,-198,6718,7633,-915,7507,8191,-684,5550,5658,-108
"2021.08",125161,133278,-8117,1980,2114,-134,1780,1864,-84,2785,3785,-1000,3405,3943,-538,4246,4875,-629,4300,4370,-70,4776,5241,-465,4612,5123,-511,3196,3778,-582,3181,3802,-621,4589,5703,-1114,5100,5669,-569,3510,3851,-341,5253,5368,-115,4397,5246,-849,6750,7496,-746,3853,4775,-922,3115,3005,110,4969,4799,170,5734,6018,-284,7957,8106,-149,8243,9078,-835,11556,9317,2239,10350,9541,809,5524,6411,-887
"2021.09",110490,118609,-8119,1748,1758,-10,1675,1685,-10,2612,3444,-832,3049,3502,-453,4163,4559,-396,3902,3899,3,4593,4916,-323,4180,4383,-203,2745,3199,-454,2817,3248,-431,4194,5138,-944,4743,5086,-343,3217,3443,-226,4548,4717,-169,3821,4401,-580,6795,7306,-511,3906,4342,-436,2765,2888,-123,4487,4660,-173,4881,5318,-437,7257,7497,-240,6262,7618,-1356,8072,7548,524,8690,8378,312,5368,5676,-308
"2021.10",107123,116512,-9389,1628,1764,-136,1515,1589,-74,2492,2921,-429,2845,3471,-626,4065,4352,-287,3520,3808,-288,4228,4538,-310,4125,4636,-511,2870,3398,-528,2981,3343,-362,4388,5208,-820,4948,5423,-475,3084,3492,-408,4288,4549,-261,4152,4522,-370,6898,7376,-478,3946,4157,-211,2858,2730,128,4436,4506,-70,4378,5219,-841,6533,7178,-645,5200,6445,-1245,7768,7257,511,8115,8300,-185,5862,6330,-468
"2021.11",108106,118660,-10554,1600,1805,-205,1489,1561,-72,2483,2739,-256,2828,3412,-584,4144,4575,-431,3513,3644,-131,4418,4933,-515,3990,4681,-691,3025,3404,-379,2804,3075,-271,4485,5247,-762,5904,5698,206,3248,3561,-313,4417,4856,-439,4037,4565,-528,6707,7278,-571,4018,4305,-287,3017,2872,145,4451,4935,-484,5494,5659,-165,6592,7451,-859,4715,6438,-1723,7208,7511,-303,8162,8593,-431,5357,5862,-505
"2021.12",112547,121776,-9229,1782,2066,-284,1566,1676,-110,2684,3128,-444,2985,3611,-626,4203,4492,-289,4415,4234,181,4506,4685,-179,4260,4906,-646,2956,3437,-481,2841,3235,-394,5707,5846,-139,5472,5453,19,3448,3972,-524,4668,4961,-293,4203,4844,-641,6498,6860,-362,3990,4258,-268,2934,2912,22,4762,4923,-161,4846,5311,-465,7297,7852,-555,4989,6073,-1084,7697,8174,-477,8398,8865,-467,5440,6002,-562
"2022.01",100675,103083,-2408,1628,1713,-85,1366,1517,-151,2423,2751,-328,2883,3348,-465,3953,3920,33,3772,3674,98,3823,3498,325,3832,4191,-359,2235,2564,-329,2153,2293,-140,4855,4904,-49,4106,4255,-149,4076,3695,381,4180,4440,-260,3864,4220,-356,5423,5669,-246,3432,3655,-223,2492,2396,96,4460,4417,43,4582,4551,31,6962,6969,-7,4433,5164,-731,7084,6886,198,7820,7333,487,4838,5060,-222
"2022.02",142156,138891,3265,2491,2406,85,1964,2103,-139,3273,3405,-132,4364,4751,-387,5764,5237,527,5773,5254,519,5525,4447,1078,8611,6764,1847,3145,3699,-554,2782,3211,-429,6361,6603,-242,4912,5334,-422,5834,5082,752,5875,5909,-34,5070,5453,-383,7121,7601,-480,4307,4549,-242,2774,2776,-2,5898,6024,-126,6480,6459,21,9547,8869,678,6045,6926,-881,9555,9398,157,12704,10137,2567,5981,6494,-513
"2022.03",122917,123192,-275,1782,2027,-245,1820,1781,39,2836,3036,-200,3737,3807,-70,5040,4769,271,4669,4467,202,5165,4641,524,6990,5634,1356,3081,3643,-562,2844,3267,-423,5379,5278,101,5051,5294,-243,4408,4275,133,5082,5274,-192,4198,4427,-229,6690,7128,-438,4250,4397,-147,2955,2687,268,5046,5175,-129,5837,5265,572,8673,8439,234,4871,5729,-858,7042,7758,-716,10025,8883,1142,5446,6111,-665
"2022.04",95228,99394,-4166,1388,1610,-222,1337,1379,-42,2693,2808,-115,2579,3040,-461,3607,3871,-264,3087,3397,-310,3844,3830,14,4104,3832,272,2513,2797,-284,2345,2764,-419,3411,4059,-648,5828,4808,1020,3053,3099,-46,3821,4464,-643,3672,4079,-407,6014,6289,-275,3386,3827,-441,2630,2507,123,3991,4256,-265,4030,4013,17,6520,6355,165,3572,4413,-841,5446,5942,-496,7398,6996,402,4959,4959,0
"2022.05",104657,107739,-3082,1565,1691,-126,1442,1464,-22,3150,3035,115,2725,3156,-431,4007,4326,-319,3450,3536,-86,4047,4179,-132,4357,4147,210,2994,3093,-99,2575,2849,-274,3806,4549,-743,5717,5112,605,3156,3226,-70,4476,4640,-164,3891,4588,-697,6830,6512,318,3686,4113,-427,3034,2761,273,4411,4626,-215,4454,4642,-188,7614,7232,382,4186,4983,-797,6201,6504,-303,7423,7483,-60,5460,5292,168
"2022.06",91205,93015,-1810,1321,1537,-216,1266,1239,27,2760,2596,164,2545,2908,-363,3455,3609,-154,2969,3053,-84,3339,3523,-184,3639,3587,52,2666,2655,11,2414,2710,-296,3476,4209,-733,4616,4592,24,2765,2733,32,3884,3788,96,3326,3678,-352,6007,5947,60,3050,3330,-280,2602,2462,140,4032,3954,78,4126,3953,173,6706,6346,360,3679,4193,-514,5740,5703,37,6242,6326,-84,4580,4384,196
"2022.07",90743,92319,-1576,1554,1625,-71,1289,1244,45,2496,2474,22,2706,2934,-228,3496,3538,-42,3068,3178,-110,3366,3547,-181,3517,3478,39,2610,2661,-51,2361,2435,-74,3490,3957,-467,4436,4565,-129,2976,2855,121,3778,3904,-126,3468,3813,-345,5590,5869,-279,3186,3318,-132,2348,2371,-23,4000,3809,191,3981,4137,-156,6635,6340,295,3921,4256,-335,6031,5667,364,6278,6269,9,4162,4075,87
"2022.08",103288,104172,-884,1797,1754,43,1427,1483,-56,2636,2617,19,3073,3129,-56,3858,4013,-155,4273,3985,288,3644,3993,-349,4497,4305,192,2747,2817,-70,2472,2798,-326,4046,4419,-373,4612,5037,-425,4163,3392,771,4173,4409,-236,3782,4132,-350,5723,6067,-344,3432,3906,-474,2459,2516,-57,5410,4823,587,4661,4945,-284,7783,7214,569,4308,4635,-327,7028,6522,506,6675,6958,-283,4609,4303,306
"2022.09",86938,91087,-4149,1458,1592,-134,1239,1290,-51,2153,2313,-160,2455,2836,-381,2973,3352,-379,4186,3254,932,3117,3433,-316,3370,3645,-275,2293,2558,-265,2152,2526,-374,3775,3894,-119,4048,4730,-682,2910,2721,189,3462,3662,-200,3114,3541,-427,5068,5634,-566,2982,3263,-281,2256,2464,-208,4285,4092,193,3928,4368,-440,7059,6469,590,4279,4219,60,5046,5298,-252,5557,6008,-451,3773,3925,-152
"2022.10",85408,91844,-6436,1422,1472,-50,1103,1309,-206,2137,2322,-185,2206,2717,-511,3106,3406,-300,3437,3240,197,3073,3473,-400,3370,3593,-223,2300,2649,-349,2148,2414,-266,3349,3784,-435,3954,4998,-1044,2712,2721,-9,3226,3821,-595,3392,3789,-397,4895,5274,-379,4732,3663,1069,2183,2509,-326,3916,4319,-403,3585,4470,-885,6732,6252,480,3981,4221,-240,5053,5233,-180,5678,6218,-540,3718,3977,-259
"2022.11",85979,92384,-6405,1328,1501,-173,1158,1249,-91,2244,2422,-178,2426,2743,-317,3307,3477,-170,2973,2947,26,3099,3402,-303,3152,3638,-486,2333,2675,-342,2238,2512,-274,3343,3708,-365,4285,5380,-1095,3320,2849,471,3450,3802,-352,3303,3494,-191,4998,5572,-574,4269,3672,597,2185,2437,-252,3973,4089,-116,3674,4682,-1008,6363,6436,-73,3634,3855,-221,5174,5427,-253,5866,6345,-479,3884,4070,-186
"2022.12",92333,99747,-7414,1389,1628,-239,1327,1407,-80,2245,2546,-301,2439,2784,-345,3417,3675,-258,2874,3380,-506,3141,3377,-236,3325,3911,-586,2326,2553,-227,2307,2579,-272,3316,4118,-802,4421,5404,-983,4105,3256,849,4314,4056,258,3459,4078,-619,5869,6110,-241,4158,3666,492,2235,2484,-249,4239,4369,-130,4021,5122,-1101,6618,6839,-221,4168,4549,-381,5916,6481,-565,6597,7181,-584,4107,4194,-87
"2023.01",91225,94248,-3023,1420,1568,-148,1297,1393,-96,2100,2358,-258,2635,2939,-304,3312,3465,-153,3154,3339,-185,2796,2982,-186,3562,3988,-426,1999,2236,-237,1836,2210,-374,3415,4221,-806,4211,4663,-452,4367,3377,990,4514,4168,346,3504,3706,-202,5184,5480,-296,3473,3350,123,2029,2183,-154,4885,4469,416,3884,4468,-584,6850,6667,183,4274,4053,221,6159,6350,-191,6439,6690,-251,3926,3925,1
"2023.02",126733,123266,3467,2298,2062,236,1931,1658,273,2806,3040,-234,3912,4146,-234,4455,4617,-162,5983,5025,958,3885,3783,102,5964,5668,296,2756,2831,-75,2368,2701,-333,5896,5808,88,5003,5515,-512,5436,4483,953,6043,5533,510,4718,5234,-516,6727,6879,-152,3885,3917,-32,2514,2596,-82,5480,5284,196,6098,6435,-337,8864,8262,602,5808,5292,516,9166,8126,1040,9149,8937,212,5588,5434,154
"2023.03",116723,117601,-878,1792,2124,-332,2038,1624,414,2566,2959,-393,3570,3855,-285,4301,4564,-263,4658,4302,356,4063,4164,-101,4871,4917,-46,2722,2996,-274,2578,2853,-275,4808,5081,-273,4272,4944,-672,4018,3744,274,5016,4916,100,3771,4566,-795,6381,6752,-371,4033,4276,-243,2703,2784,-81,5292,5147,145,6233,5663,570,8455,8005,450,4658,4961,-303,11083,8257,2826,7992,8957,-965,4849,5190,-341
"2023.04",89745,93110,-3365,1255,1408,-153,1576,1295,281,2240,2406,-166,2513,2775,-262,3334,3584,-250,3218,3053,165,3255,3353,-98,3300,3605,-305,2304,2576,-272,2048,2465,-417,3333,4014,-681,3647,4224,-577,2694,2757,-63,3573,3832,-259,3149,3511,-362,5343,5755,-412,3335,3425,-90,2622,2595,27,4060,4285,-225,4528,4361,167,6206,6291,-85,3587,3918,-331,7931,6102,1829,6662,7079,-417,4032,4441,-409
"2023.05",99323,102676,-3353,1460,1698,-238,1588,1481,107,2458,2623,-165,2776,2989,-213,3944,3905,39,3377,3339,38,3520,3706,-186,3829,3889,-60,2623,2930,-307,2322,2630,-308,3814,4333,-519,3982,4537,-555,3083,3187,-104,4335,4335,0,3850,4004,-154,5987,6598,-611,3659,3805,-146,2593,2641,-48,4656,4804,-148,5111,4937,174,6703,6783,-80,4128,4295,-167,7696,6657,1039,7274,7757,-483,4555,4813,-258
"2023.06",90971,95204,-4233,1317,1469,-152,1404,1301,103,2336,2474,-138,2586,2964,-378,3134,3540,-406,4166,3708,458,3234,3583,-349,3412,3862,-450,2367,2852,-485,2162,2688,-526,3422,4446,-1024,3866,4106,-240,2827,2867,-40,3624,3792,-168,3424,3695,-271,5387,5780,-393,3421,3579,-158,2360,2375,-15,4263,4485,-222,4188,4171,17,5979,6187,-208,4035,4029,6,7085,5774,1311,6815,6981,-166,4157,4496,-339
"2023.07",94517,97209,-2692,1369,1524,-155,1511,1482,29,2291,2544,-253,2791,3057,-266,3623,3619,4,4290,3708,582,3013,3569,-556,3510,4100,-590,2288,2550,-262,2265,2733,-468,4874,4856,18,4520,4057,463,2810,3050,-240,3851,4004,-153,3372,3602,-230,5231,5776,-545,3367,3479,-112,2183,2317,-134,4218,4430,-212,3965,4033,-68,5865,6363,-498,4626,4412,214,7972,6325,1647,6513,7061,-548,4199,4558,-359
"2023.08",111712,112732,-1020,1609,1768,-159,1693,1630,63,2519,2988,-469,3083,3510,-427,4762,4410,352,6398,4606,1792,3381,3941,-560,4335,4677,-342,2635,2970,-335,2581,2975,-394,5244,5379,-135,7447,5085,2362,3493,3668,-175,4379,4775,-396,4111,4552,-441,5586,6727,-1141,3293,3678,-385,2405,2599,-194,4645,5112,-467,4602,4692,-90,6859,7418,-559,5472,5608,-136,9443,7603,1840,7001,7442,-441,4736,4919,-183
"2023.09",93071,94441,-1370,1402,1465,-63,1386,1460,-74,2158,2593,-435,2710,3080,-370,3747,3563,184,4495,3528,967,3084,3317,-233,3484,3886,-402,2134,2448,-314,2367,2536,-169,4255,4136,119,5614,4422,1192,2663,2872,-209,3630,3945,-315,3226,3459,-233,4975,5841,-866,2929,3385,-456,2191,2415,-224,4077,4068,9,3849,4145,-296,5362,6104,-742,7001,5181,1820,6166,5974,192,5869,6298,-429,4297,4320,-23
"2023.10",100287,105014,-4727,1491,1731,-240,1505,1570,-65,2423,3040,-617,2862,3214,-352,3508,3725,-217,4202,3810,392,3543,3838,-295,3552,4214,-662,2386,2906,-520,2698,2859,-161,4350,4697,-347,5026,4637,389,2862,3269,-407,3883,4123,-240,3974,4088,-114,5890,6521,-631,3256,3646,-390,2323,2561,-238,4496,4741,-245,4010,4418,-408,5650,6712,-1062,7251,5813,1438,7314,6682,632,6722,7081,-359,5110,5118,-8
"2023.11",93060,99299,-6239,1382,1420,-38,1510,1426,84,2298,3200,-902,2808,3064,-256,3381,3799,-418,3421,3299,122,3456,3707,-251,3314,3787,-473,2277,2744,-467,2354,2606,-252,3921,4281,-360,4255,4265,-10,2649,2897,-248,3818,3866,-48,3308,3939,-631,6384,6374,10,3160,3574,-414,2113,2575,-462,4164,4319,-155,3862,4155,-293,5273,6317,-1044,5827,5461,366,6126,6462,-336,6424,6840,-416,5575,4922,653
"2023.12",99596,103413,-3817,1443,1464,-21,1421,1314,107,2234,3435,-1201,2543,2881,-338,3451,3709,-258,3210,3485,-275,4152,3785,367,3323,3935,-612,2261,2763,-502,2533,2553,-20,4025,4696,-671,4131,4248,-117,2799,3085,-286,3916,4064,-148,3796,4196,-400,5699,6189,-490,3139,3671,-532,2309,2505,-196,4307,4430,-123,3963,4370,-407,5957,6619,-662,5122,5587,-465,11692,7936,3756,6994,7649,-655,5176,4844,332
"2024.01",111217,111982,-765,1725,1704,21,1587,1551,36,2638,3600,-962,3147,3410,-263,3903,4104,-201,4103,4178,-75,3998,3795,203,4152,4764,-612,2398,2880,-482,2568,2665,-97,4535,5423,-888,4137,4326,-189,3257,3586,-329,4396,4429,-33,4268,4680,-412,6104,6564,-460,3726,3868,-142,2612,2604,8,5079,4930,149,4760,5140,-380,7497,7486,11,5165,5084,81,13140,8937,4203,7290,7456,-166,5032,4818,214
"2024.02",138040,134906,3134,2356,2208,148,2050,1908,142,3067,3988,-921,4202,4365,-163,4948,5038,-90,6110,5441,669,4268,4186,82,6283,6277,6,2846,3176,-330,2891,2992,-101,6449,6485,-36,4914,5268,-354,4852,4746,106,5878,5902,-24,5161,5378,-217,6849,7347,-498,3817,4455,-638,2553,2692,-139,5650,5684,-34,6387,6443,-56,8733,8683,50,6376,6185,191,14454,10088,4366,9557,9657,-100,7389,6314,1075
"2024.03",108484,109721,-1237,1861,1798,63,1794,1617,177,2689,4053,-1364,3351,3309,42,3988,4083,-95,4297,3874,423,3818,4090,-272,4826,4728,98,2651,3175,-524,2726,2838,-112,4879,4830,49,4400,4424,-24,3770,3671,99,4560,4526,34,3174,3860,-686,5951,6581,-630,3612,3896,-284,2612,2672,-60,4870,4731,139,5222,4845,377,7606,7391,215,4363,4548,-185,7752,7059,693,7428,7651,-223,6284,5471,813
"2024.04",100781,106623,-5842,1595,1625,-30,1603,1566,37,2668,4537,-1869,2905,3065,-160,3794,4083,-289,3771,3714,57,3914,4148,-234,3918,4074,-156,2518,2912,-394,2597,2770,-173,3908,4485,-577,4513,4771,-258,3030,2975,55,4055,4260,-205,3537,4062,-525,5790,6466,-676,3490,3955,-465,2707,2871,-164,4632,4713,-81,4999,4814,185,7229,7397,-168,3979,4288,-309,6948,6624,324,6950,7274,-324,5731,5174,557
"2024.05",93236,99119,-5883,1409,1469,-60,1347,1416,-69,2389,3862,-1473,2665,2799,-134,3426,3779,-353,3117,3371,-254,3772,3915,-143,3762,4025,-263,2441,2653,-212,2554,2875,-321,3766,4303,-537,4383,4643,-260,2694,2975,-281,3728,4031,-303,3500,3882,-382,5513,6084,-571,3325,3768,-443,2629,2735,-106,4271,4309,-38,4455,4769,-314,6382,6613,-231,3722,3989,-267,6824,5592,1232,6375,6763,-388,4787,4499,288
"2024.06",81182,86740,-5558,1143,1278,-135,1246,1297,-51,1934,2341,-407,2295,2502,-207,2954,3193,-239,2701,3022,-321,2986,3306,-320,3549,3646,-97,2049,2425,-376,2246,2427,-181,3397,4024,-627,3903,4396,-493,2344,2668,-324,3518,3648,-130,2989,3248,-259,4789,5590,-801,2872,3266,-394,2158,2320,-162,3726,3871,-145,3621,3867,-246,5564,5816,-252,3691,3649,42,5814,5243,571,5367,5778,-411,4326,3919,407
"2024.07",98177,103617,-5440,1429,1502,-73,1514,1558,-44,2303,2733,-430,2727,3167,-440,3566,3814,-248,3450,3647,-197,3580,3748,-168,3790,4103,-313,2479,2842,-363,2582,2825,-243,3857,4523,-666,4317,4953,-636,3052,3322,-270,4205,4235,-30,3794,4072,-278,5742,6443,-701,3453,3802,-349,2405,2529,-124,4491,4607,-116,4350,4712,-362,6527,6954,-427,4624,4459,165,7200,6696,504,6774,7291,-517,5966,5080,886
"2024.08",103290,107138,-3848,1653,1788,-135,1559,1520,39,2343,2559,-216,2958,3374,-416,3653,3833,-180,3853,3986,-133,3762,3986,-224,4601,4640,-39,2672,2916,-244,2384,2733,-349,4235,4736,-501,4312,4922,-610,3200,3416,-216,4204,4330,-126,4223,4397,-174,5750,6401,-651,3592,3906,-314,2507,2729,-222,4603,4890,-287,4606,5103,-497,6708,7024,-316,4828,4633,195,7709,6609,1100,6970,7587,-617,6405,5120,1285
"2024.09",90902,95202,-4300,1394,1435,-41,1358,1437,-79,2047,2283,-236,2637,3040,-403,3056,3362,-306,3244,3436,-192,3481,3676,-195,3751,4027,-276,3036,2821,215,2274,2573,-299,4053,4348,-295,3724,4398,-674,2964,3213,-249,3582,3854,-272,3451,3604,-153,5403,5692,-289,3327,3469,-142,2207,2469,-262,4241,4347,-106,3921,4183,-262,5826,6209,-383,4159,3981,178,5925,5803,122,6922,6837,85,4919,4705,214
