Date,Close_1,Close_2,Close_3,Close_4,Close_5,Close_6,Close_7,Close_8,Close_9,Close_10,Close_11,Close_12,Close_13,Close_14
2022-01-03,46.18,63.099998,50.73,161.699997,395.329987,57.27,208.220001,60.400002,44.669998,94.449997,85.760002,100.190002,911.72998,221.429993
2022-01-04,47.990002,63.59,52.75,167.830002,407.480011,58.77,215.889999,62.349998,46.57,98.32,89.959999,104.260002,917.219971,222.460007
2022-01-05,47.18,62.849998,52.290001,163.779999,398.630005,58.459999,212.389999,61.669998,46.43,97.150002,89.309998,101.68,891.77002,220.0
2022-01-06,48.130001,64.910004,53.630001,165.520004,396.929993,60.049999,220.570007,63.98,48.369999,98.919998,90.739998,103.419998,895.48999,219.75
2022-01-07,49.18,65.779999,54.77,167.160004,397.51001,61.0,223.729996,65.0,48.799999,101.660004,91.739998,104.050003,892.27002,216.960007
2022-01-10,48.93,66.029999,55.349998,167.320007,399.170013,61.360001,222.449997,65.290001,48.799999,101.199997,91.650002,104.129997,873.340027,211.970001
2022-01-11,49.209999,67.110001,56.060001,167.490005,403.049988,62.119999,223.839996,65.660004,49.049999,102.349998,93.910004,105.919998,888.190002,214.380005
2022-01-12,48.860001,67.279999,56.400002,168.440002,390.309998,62.490002,224.929993,66.330002,49.200001,103.330002,94.82,103.050003,885.109985,215.710007
2022-01-13,48.759998,67.779999,56.0,168.229996,390.799988,63.189999,226.449997,66.769997,49.540001,103.440002,93.379997,102.550003,867.580017,215.0
2022-01-14,47.91,66.93,58.060001,157.889999,380.940002,63.25,222.199997,67.410004,50.450001,103.769997,95.529999,98.879997,848.599976,214.669998
2022-01-18,46.259998,65.300003,56.689999,151.270004,354.399994,62.189999,216.880005,67.169998,49.619999,101.010002,92.160004,94.010002,832.0,215.710007
2022-01-19,46.439999,64.239998,55.57,148.929993,347.320007,57.369999,208.520004,64.580002,47.970001,93.879997,91.510002,95.730003,825.5,214.679993
2022-01-20,45.75,64.459999,55.0,147.660004,348.100006,56.939999,206.899994,63.119999,46.619999,94.209999,91.43,99.830002,826.549988,214.350006
2022-01-21,44.919998,63.27,53.669998,145.080002,343.910004,55.099998,200.960007,61.470001,45.040001,90.989998,89.199997,98.860001,800.919983,205.929993
2022-01-24,44.549999,62.700001,53.32,144.949997,343.390015,56.810001,204.110001,62.299999,45.48,93.800003,88.709999,98.080002,786.820007,201.850006
2022-01-25,45.43,64.110001,53.59,146.529999,341.549988,57.41,204.199997,63.029999,44.919998,94.129997,88.529999,99.040001,798.549988,202.0
2022-01-26,45.900002,64.75,54.139999,147.919998,342.679993,57.560001,206.009995,62.869999,44.799999,94.32,90.010002,100.169998,795.469971,205.869995
2022-01-27,45.470001,64.150002,53.759998,145.309998,341.029999,57.439999,204.960007,61.91,44.23,93.120003,89.699997,101.150002,787.960022,206.149994
2022-01-28,45.869999,64.690002,54.189999,146.610001,347.01001,58.080002,208.220001,62.580002,44.470001,93.650002,88.910004,101.800003,808.140015,228.0
2022-01-31,46.139999,65.120003,53.799999,148.600006,354.679993,58.189999,205.990005,62.82,44.630001,94.5,87.699997,102.540001,822.940002,226.169998
2022-02-01,46.939999,66.559998,55.599998,151.149994,364.059998,59.27,209.740005,64.019997,45.939999,96.510002,90.059998,103.949997,825.950012,232.360001
2022-02-02,46.889999,66.230003,55.93,149.940002,363.059998,59.77,210.869995,64.57,46.669998,97.57,90.360001,103.919998,822.51001,235.419998
2022-02-03,46.43,65.260002,55.169998,148.699997,358.880005,59.150002,208.009995,63.310001,46.18,97.089996,88.889999,102.290001,805.77002,231.539993
2022-02-04,48.279999,66.080002,56.330002,152.559998,367.600006,59.700001,210.350006,63.98,47.34,98.889999,91.900002,104.110001,809.820007,228.389999
2022-02-07,48.509998,66.360001,57.330002,153.070007,368.149994,59.580002,209.699997,64.209999,48.32,99.330002,93.139999,105.18,816.919983,227.160004
2022-02-08,49.380001,67.120003,58.75,155.949997,370.100006,59.580002,211.360001,65.849998,49.5,101.849998,94.959999,106.349998,807.390015,227.940002
2022-02-09,49.279999,67.839996,59.060001,156.600006,374.529999,59.75,210.759995,65.5,49.189999,101.669998,94.519997,108.730003,813.0,230.869995
2022-02-10,49.049999,67.5,59.049999,155.949997,370.570007,59.209999,210.630005,64.620003,49.119999,101.389999,92.849998,107.57,778.190002,225.589996
2022-02-11,47.919998,67.150002,58.310001,153.919998,363.059998,58.549999,207.360001,63.580002,48.540001,99.169998,89.110001,104.57,772.48999,224.690002
2022-02-14,47.419998,66.459999,57.849998,152.490005,360.23999,57.869999,204.570007,63.0,48.23,98.68,87.739998,102.57,760.309998,225.339996
2022-02-15,47.790001,67.0,58.380001,154.720001,363.940002,58.610001,207.190002,64.800003,49.380001,100.32,89.639999,103.43,781.190002,227.820007
2022-02-16,47.68,66.949997,58.139999,155.0,360.049988,58.599998,208.589996,64.709999,49.509998,100.279999,89.330002,101.150002,783.419983,228.820007
2022-02-17,46.07,64.709999,56.150002,151.429993,349.059998,57.130001,201.300003,62.549999,48.189999,93.650002,86.019997,96.150002,762.5,224.610001
2022-02-18,45.959999,64.139999,55.630001,152.139999,346.040009,57.099998,201.169998,62.32,48.23,93.389999,85.610001,95.419998,756.02002,222.690002
2022-02-22,45.560001,63.889999,55.279999,151.869995,344.269989,57.799999,203.080002,62.18,48.330002,92.43,84.57,94.75,745.47998,221.320007
2022-02-23,44.779999,63.220001,53.950001,148.690002,341.190002,56.650002,199.009995,60.599998,47.169998,87.230003,82.550003,93.550003,732.48999,215.949997
2022-02-24,43.599998,60.669998,52.709999,144.550003,340.190002,55.330002,195.610001,59.209999,45.759998,85.480003,82.269997,91.809998,731.789978,217.300003
2022-02-25,45.02,61.98,54.110001,147.970001,350.119995,57.34,202.669998,62.970001,48.09,88.739998,85.75,94.550003,750.869995,219.270004
2022-02-28,44.200001,59.23,53.369999,141.800003,341.290009,56.540001,199.25,62.220001,47.84,85.330002,84.459999,90.739998,743.890015,216.119995
2022-03-01,42.470001,58.59,50.290001,136.449997,328.200012,53.860001,187.190002,58.150002,44.459999,80.889999,77.860001,87.629997,714.809998,208.970001
2022-03-02,43.16,59.560001,52.220001,139.279999,336.380005,56.23,193.699997,60.689999,46.07,83.940002,81.809998,88.379997,738.039978,208.479996
2022-03-03,42.490002,57.619999,51.240002,138.289993,333.420013,56.310001,191.589996,60.549999,46.299999,83.940002,80.709999,87.779999,737.710022,207.229996
2022-03-04,40.950001,56.59,48.790001,134.399994,329.670013,55.25,184.869995,58.959999,44.549999,80.510002,79.230003,86.360001,696.590027,200.289993
2022-03-07,38.34,55.549999,45.810001,129.210007,321.890015,53.099998,178.699997,56.23,41.98,78.169998,76.360001,83.449997,677.070007,190.699997
2022-03-08,38.59,54.869999,46.459999,128.300003,321.369995,53.25,181.600006,56.849998,41.959999,79.360001,75.690002,83.309998,662.869995,191.710007
2022-03-09,41.040001,55.950001,49.16,133.440002,333.589996,54.509998,186.75,58.52,44.740002,83.580002,79.389999,87.400002,693.25,199.759995
2022-03-10,40.669998,54.880001,49.009998,131.860001,329.899994,52.990002,184.960007,57.650002,44.48,82.919998,79.650002,85.860001,697.200012,197.970001
2022-03-11,40.330002,54.16,48.470001,128.889999,327.0,52.650002,182.149994,57.139999,44.0,82.089996,80.239998,85.18,687.039978,196.710007
2022-03-14,41.200001,54.23,49.860001,130.169998,324.980011,53.950001,183.360001,57.889999,45.849998,83.349998,83.260002,84.720001,697.530029,200.330002
2022-03-15,41.5,55.110001,50.110001,132.479996,329.160004,54.400002,185.240005,58.02,45.790001,83.970001,83.169998,86.330002,707.669983,206.139999
2022-03-16,42.799999,56.799999,51.599998,138.399994,340.76001,56.279999,192.389999,59.709999,47.5,87.449997,88.940002,91.760002,731.109985,211.869995
2022-03-17,43.029999,57.290001,51.48,140.149994,343.269989,56.650002,193.070007,58.84,46.75,88.050003,89.779999,93.860001,740.929993,213.449997
2022-03-18,42.900002,57.349998,51.419998,140.100006,345.380005,56.529999,192.970001,58.560001,46.689999,88.93,90.0,94.82,738.590027,219.110001
2022-03-21,42.84,56.98,51.139999,139.649994,339.0,56.16,193.009995,58.619999,46.470001,88.360001,89.010002,92.610001,733.830017,217.039993
2022-03-22,44.18,57.5,53.389999,142.619995,343.01001,57.02,197.369995,59.709999,47.41,90.330002,92.199997,94.220001,746.869995,218.470001
2022-03-23,43.09,56.349998,51.119999,139.779999,335.609985,55.849998,192.669998,58.18,45.68,87.480003,89.75,92.379997,736.460022,214.679993
2022-03-24,43.07,56.419998,51.330002,140.690002,336.230011,56.049999,193.25,58.790001,45.849998,89.010002,90.93,92.129997,738.280029,217.309998
2022-03-25,43.73,56.740002,52.560001,141.919998,337.48999,57.119999,196.470001,60.110001,46.759998,90.529999,91.360001,92.379997,741.039978,218.429993
2022-03-28,43.549999,55.919998,51.810001,140.869995,335.299988,56.709999,194.710007,59.560001,45.799999,90.110001,91.800003,91.269997,749.880005,220.770004
2022-03-29,43.439999,56.470001,51.599998,141.179993,339.660004,56.869999,194.059998,60.560001,46.139999,91.970001,91.220001,91.839996,773.23999,228.119995
2022-03-30,43.0,54.970001,50.110001,140.539993,335.589996,55.18,190.729996,58.740002,44.279999,92.110001,88.760002,90.269997,777.359985,223.949997
2022-03-31,41.220001,53.400002,48.459999,136.320007,330.100006,53.150002,184.449997,56.700001,43.040001,87.120003,84.309998,87.400002,764.169983,221.770004
2022-04-01,40.900002,52.330002,48.709999,135.309998,330.220001,52.900002,181.139999,55.330002,41.799999,85.809998,83.540001,86.989998,769.76001,226.360001
2022-04-04,40.830002,52.799999,48.459999,135.910004,328.209991,52.66,182.809998,55.27,41.669998,85.839996,82.300003,87.279999,782.22998,227.740005
2022-04-05,40.139999,51.580002,48.119999,133.339996,323.959991,53.0,182.389999,55.360001,41.23,85.309998,81.860001,85.279999,764.429993,226.089996
2022-04-06,39.700001,50.529999,47.889999,131.490005,316.26001,52.970001,180.960007,54.740002,40.98,83.699997,80.870003,83.129997,745.22998,219.009995
2022-04-07,39.389999,50.029999,47.740002,131.089996,314.149994,52.580002,181.380005,53.880001,40.439999,83.959999,80.029999,83.129997,748.890015,216.149994
2022-04-08,39.669998,50.880001,48.73,133.490005,321.390015,52.25,184.699997,53.869999,40.549999,84.169998,81.690002,84.059998,736.099976,216.979996
2022-04-11,39.59,50.549999,49.330002,133.0,320.76001,51.720001,183.979996,53.639999,40.490002,82.720001,81.580002,84.019997,728.380005,214.75
2022-04-12,39.169998,50.34,48.419998,131.539993,319.779999,50.82,179.75,52.689999,39.630001,82.25,80.07,83.93,716.830017,211.399994
2022-04-13,38.82,50.150002,48.540001,127.300003,321.970001,50.610001,178.440002,52.0,39.509998,82.849998,83.830002,84.129997,715.73999,213.270004
2022-04-14,37.57,50.93,46.349998,126.120003,321.640015,52.709999,175.0,52.139999,39.009998,75.809998,82.75,84.760002,688.169983,212.789993
2022-04-18,38.849998,52.310001,47.169998,128.460007,329.880005,52.740002,175.75,52.66,39.07,74.379997,74.940002,86.480003,680.0,213.169998
2022-04-19,39.57,52.919998,47.830002,131.119995,335.950012,52.880001,178.050003,52.009998,40.790001,74.910004,76.900002,88.910004,701.570007,215.699997
2022-04-20,39.66,53.099998,48.650002,131.580002,341.059998,53.049999,179.639999,52.57,40.669998,75.910004,76.449997,90.610001,699.0,217.789993
2022-04-21,38.91,52.630001,47.779999,130.559998,334.299988,52.639999,177.580002,52.110001,39.630001,74.580002,73.269997,88.910004,681.460022,216.449997
2022-04-22,37.560001,51.23,46.34,126.809998,319.769989,50.830002,173.25,50.889999,38.43,70.870003,70.32,84.739998,662.940002,208.169998
2022-04-25,37.290001,51.130001,45.830002,126.769997,321.420013,50.84,172.5,50.84,38.799999,70.949997,70.309998,85.050003,668.280029,209.949997
2022-04-26,36.450001,50.23,44.580002,123.019997,313.119995,50.029999,169.460007,50.529999,37.75,67.730003,68.540001,82.370003,647.049988,201.100006
2022-04-27,36.25,49.599998,44.580002,121.419998,313.230011,49.639999,170.429993,50.529999,38.189999,66.860001,68.580002,82.209999,643.02002,214.110001
2022-04-28,36.810001,50.02,45.169998,123.339996,318.410004,50.040001,171.080002,50.25,38.959999,68.839996,69.120003,83.400002,650.969971,220.660004
2022-04-29,35.68,48.209999,43.630001,119.360001,305.48999,48.560001,166.100006,48.349998,37.529999,66.970001,66.330002,80.589996,624.679993,213.130005
2022-05-02,36.139999,48.709999,43.669998,120.449997,310.420013,48.849998,167.539993,48.939999,37.740002,68.580002,67.889999,81.959999,624.799988,211.529999
2022-05-03,37.130001,50.099998,44.16,123.029999,314.660004,49.470001,169.660004,49.610001,38.310001,69.910004,69.459999,83.75,631.059998,208.559998
2022-05-04,38.619999,52.23,45.98,127.099998,324.109985,50.529999,173.720001,50.759998,39.490002,72.760002,71.360001,87.220001,665.22998,214.520004
2022-05-05,37.540001,51.310001,44.759998,123.919998,313.070007,49.240002,168.869995,49.450001,37.98,71.220001,69.849998,84.940002,633.809998,205.240005
2022-05-06,37.450001,51.619999,44.549999,123.720001,312.959991,49.290001,166.619995,49.060001,37.509998,70.129997,67.419998,84.230003,628.619995,202.820007
2022-05-09,36.369999,49.889999,43.959999,121.860001,308.890015,49.439999,163.669998,48.57,36.799999,69.25,64.129997,81.150002,605.559998,193.0
2022-05-10,35.759998,48.75,43.080002,118.889999,305.059998,49.360001,161.839996,47.459999,36.580002,67.709999,64.580002,80.260002,610.22998,193.580002
2022-05-11,35.57,47.66,42.57,118.139999,301.549988,48.459999,159.830002,46.849998,35.860001,66.309998,65.120003,78.889999,600.349976,196.720001
2022-05-12,35.07,46.560001,41.810001,118.040001,299.410004,48.59,159.300003,46.470001,35.779999,67.620003,64.949997,78.589996,600.400024,193.970001
2022-05-13,35.169998,47.639999,42.639999,119.089996,306.98999,48.599998,157.440002,46.310001,35.970001,69.209999,65.610001,80.540001,615.330017,199.229996
2022-05-16,34.810001,47.459999,42.209999,118.260002,303.440002,48.27,155.270004,46.119999,35.689999,68.309998,64.040001,79.900002,598.599976,197.809998
2022-05-17,35.990002,51.049999,43.709999,122.18,312.970001,49.650002,160.429993,47.889999,37.18,69.660004,65.199997,82.93,611.719971,204.0
2022-05-18,34.880001,49.32,42.110001,120.089996,306.730011,49.099998,155.929993,46.360001,36.049999,66.970001,63.27,80.690002,591.859985,199.990005
2022-05-19,34.450001,49.779999,42.0,118.309998,308.200012,49.240002,154.75,46.119999,35.650002,65.959999,62.66,79.959999,593.080017,197.369995
2022-05-20,33.860001,49.75,41.669998,117.339996,306.799988,49.209999,155.979996,45.68,35.639999,67.470001,63.279999,79.370003,600.440002,199.029999
2022-05-23,35.869999,52.77,43.82,124.599998,316.609985,50.75,162.169998,47.27,36.810001,69.730003,65.269997,82.309998,611.51001,207.559998
2022-05-24,35.650002,52.68,43.290001,126.360001,313.950012,51.040001,163.259995,46.810001,36.610001,68.669998,63.939999,81.959999,618.349976,202.630005
2022-05-25,35.84,52.700001,44.119999,127.239998,314.899994,51.189999,167.630005,47.619999,37.439999,69.300003,65.800003,82.230003,626.599976,203.839996
2022-05-26,36.669998,54.09,45.599998,129.440002,323.630005,52.139999,172.949997,48.41,38.610001,70.989998,68.82,85.0,652.440002,208.550003
2022-05-27,37.02,53.619999,45.889999,131.270004,328.579987,52.5,175.050003,49.130001,39.110001,73.040001,70.589996,86.449997,666.530029,212.880005
2022-05-31,37.200001,53.41,45.77,132.229996,326.850006,53.07,175.410004,49.740002,39.43,72.489998,70.099998,86.139999,669.080017,212.169998
2022-06-01,36.669998,52.389999,45.16,129.910004,321.850006,51.75,172.440002,48.919998,38.740002,69.949997,69.57,85.0,660.51001,209.929993
2022-06-02,36.700001,52.43,45.330002,132.0,324.25,52.18,175.509995,49.75,39.32,73.129997,71.669998,85.199997,686.48999,215.050003
2022-06-03,36.189999,51.330002,44.82,130.160004,318.679993,51.939999,173.300003,49.09,38.919998,71.300003,70.07,84.120003,671.73999,212.649994
2022-06-06,36.150002,51.400002,45.119999,129.729996,320.51001,52.25,173.080002,49.5,39.450001,71.410004,68.059998,84.870003,675.340027,212.940002
2022-06-07,36.349998,52.099998,45.470001,130.070007,321.51001,52.560001,173.199997,49.759998,39.560001,73.010002,67.489998,85.330002,679.609985,214.5
2022-06-08,35.889999,51.41,44.630001,128.0,314.679993,51.84,169.899994,49.049999,38.880001,69.040001,65.730003,83.199997,662.409973,213.5
2022-06-09,34.509998,49.970001,42.669998,125.309998,304.220001,50.330002,163.0,47.709999,37.560001,68.139999,64.25,81.160004,659.849976,206.110001
2022-06-10,33.169998,47.709999,40.080002,119.550003,287.019989,48.720001,158.330002,45.950001,35.68,65.230003,62.220001,77.400002,617.669983,199.509995
2022-06-13,32.02,45.689999,38.990002,115.989998,283.320007,47.060001,155.529999,46.639999,34.439999,63.07,60.240002,75.18,598.719971,192.259995
2022-06-14,31.459999,45.959999,37.43,114.059998,282.540009,45.720001,155.660004,46.240002,34.580002,62.18,61.110001,74.959999,591.22998,193.520004
2022-06-15,32.049999,47.580002,38.169998,115.410004,290.070007,46.360001,156.509995,46.580002,34.73,63.939999,61.509998,76.019997,599.900024,196.160004
2022-06-16,31.85,46.889999,37.650002,113.43,284.980011,45.41,151.479996,45.84,33.25,62.330002,60.860001,73.949997,585.77002,189.050003
2022-06-17,31.92,46.52,38.48,113.029999,279.790009,45.41,154.089996,46.290001,34.0,61.75,59.990002,72.900002,582.26001,190.009995
2022-06-21,32.849998,47.959999,38.990002,115.830002,284.809998,46.330002,156.490005,47.049999,34.369999,63.799999,62.380001,74.629997,614.539978,194.389999
2022-06-22,32.599998,47.200001,38.599998,115.18,284.540009,46.5,156.610001,47.23,34.459999,63.330002,62.439999,74.400002,609.280029,193.820007
2022-06-23,32.080002,46.349998,37.900002,113.919998,286.170013,45.720001,155.800003,46.860001,33.509998,62.889999,62.029999,73.970001,624.710022,196.639999
2022-06-24,32.310001,47.860001,40.759998,117.32,302.75,47.52,162.839996,49.220001,35.220001,66.269997,64.43,77.82,647.780029,205.509995
2022-06-27,32.349998,47.830002,40.240002,116.379997,300.779999,47.25,161.449997,48.57,34.869999,65.209999,64.150002,77.440002,636.919983,203.559998
2022-06-28,32.259998,47.209999,40.18,115.82,299.48999,46.889999,159.75,48.369999,34.84,64.489998,64.169998,78.160004,629.119995,198.119995
2022-06-29,31.860001,47.099998,39.709999,115.300003,303.279999,46.119999,157.369995,47.400002,34.209999,64.080002,63.619999,78.190002,617.960022,199.5
2022-06-30,31.129999,45.990002,39.169998,112.610001,297.019989,46.02,157.770004,47.43,33.599998,61.650002,63.18,76.059998,609.039978,196.889999
2022-07-01,31.559999,46.869999,39.919998,114.050003,299.230011,46.59,161.300003,48.200001,33.84,63.380001,63.919998,76.75,616.700012,199.179993
2022-07-05,31.24,46.610001,40.099998,112.620003,297.200012,46.459999,161.089996,48.639999,33.700001,63.07,63.389999,76.110001,620.719971,200.539993
2022-07-06,30.98,46.150002,39.5,111.889999,293.76001,46.5,160.029999,47.650002,33.279999,62.27,63.439999,75.449997,614.73999,201.119995
2022-07-07,31.860001,46.93,40.119999,114.720001,298.600006,46.759998,162.309998,48.009998,33.919998,63.700001,64.239998,76.989998,623.700012,202.800003
2022-07-08,31.790001,46.82,40.18,114.360001,296.470001,46.529999,161.380005,47.700001,33.860001,63.029999,64.360001,76.730003,619.559998,203.570007
2022-07-11,31.459999,46.189999,39.790001,112.860001,293.179993,46.349998,160.220001,47.400002,33.540001,62.700001,62.939999,75.82,605.0,205.059998
2022-07-12,31.360001,46.130001,39.599998,112.970001,292.529999,46.200001,157.089996,47.209999,33.529999,62.360001,62.25,75.940002,603.289978,204.820007
2022-07-13,30.84,45.5,39.07,111.910004,290.149994,45.32,154.309998,46.110001,33.040001,60.939999,61.549999,74.980003,596.380005,204.149994
2022-07-14,30.129999,44.139999,38.740002,108.0,281.589996,44.25,150.960007,45.200001,32.209999,59.84,60.57,74.690002,588.630005,205.910004
2022-07-15,32.25,49.98,41.130001,112.949997,293.869995,46.57,153.419998,47.41,33.740002,65.669998,62.18,78.050003,600.369995,210.039993
2022-07-18,32.259998,50.07,41.189999,111.790001,301.26001,46.68,154.669998,47.099998,33.77,64.959999,61.240002,78.860001,597.530029,207.210007
2022-07-19,33.349998,52.130001,42.900002,114.559998,318.049988,47.459999,160.190002,48.310001,34.669998,67.330002,63.200001,81.650002,628.340027,213.660004
2022-07-20,33.360001,52.450001,42.720001,114.540001,321.450012,47.049999,160.149994,48.02,34.689999,66.970001,62.830002,81.809998,634.72998,213.369995
2022-07-21,33.650002,52.59,43.279999,115.32,326.540009,47.610001,161.610001,48.349998,34.25,67.82,63.130001,83.019997,639.309998,216.190002
2022-07-22,33.43,51.91,43.169998,114.760002,323.929993,47.709999,161.759995,48.139999,33.630001,68.160004,62.990002,82.43,633.640015,213.699997
2022-07-25,33.73,52.16,43.5,115.220001,324.119995,48.049999,164.699997,49.110001,34.209999,68.400002,63.66,82.550003,636.150024,214.270004
2022-07-26,33.049999,51.400002,42.900002,113.419998,318.549988,47.419998,161.720001,48.470001,33.150002,66.989998,61.169998,80.790001,622.940002,212.490005
2022-07-27,33.59,52.349998,43.709999,115.239998,324.540009,48.209999,163.0,49.549999,33.740002,68.910004,62.509998,82.510002,643.320007,210.470001
2022-07-28,33.32,52.23,43.32,114.809998,329.109985,46.119999,162.899994,49.560001,33.43,69.970001,67.699997,82.949997,659.97998,211.350006
2022-07-29,33.810001,51.900002,43.869999,115.360001,333.390015,47.200001,165.940002,50.470001,34.119999,71.040001,69.050003,84.300003,669.179993,212.110001
2022-08-01,33.709999,51.919998,43.540001,114.209999,332.079987,47.509998,166.059998,50.299999,34.130001,70.360001,68.720001,84.089996,671.390015,211.360001
2022-08-02,33.040001,50.75,42.880001,112.43,327.880005,46.93,163.309998,49.619999,33.689999,69.220001,67.550003,83.529999,666.159973,206.259995
2022-08-03,33.639999,51.610001,43.889999,113.610001,333.170013,47.66,165.350006,50.400002,34.310001,71.019997,68.980003,85.050003,690.539978,208.479996
2022-08-04,33.400002,51.259998,42.77,112.360001,331.869995,47.07,164.080002,49.27,33.790001,70.330002,69.0,85.360001,696.01001,213.470001
2022-08-05,33.959999,51.66,43.759998,115.760002,334.670013,47.389999,167.039993,50.099998,34.669998,70.660004,69.309998,86.129997,695.929993,215.869995
2022-08-08,33.490002,51.470001,43.189999,114.349998,334.679993,46.950001,166.039993,49.75,34.490002,70.300003,68.449997,86.029999,696.27002,213.320007
2022-08-09,33.919998,52.09,43.400002,115.379997,336.619995,47.18,165.919998,49.790001,34.720001,70.379997,69.040001,86.360001,696.51001,210.259995
2022-08-10,35.07,53.189999,44.330002,118.389999,347.910004,47.869999,169.460007,50.900002,36.16,72.519997,69.940002,88.889999,725.210022,212.100006
2022-08-11,35.91,54.0,45.25,120.139999,351.679993,48.439999,171.940002,51.02,37.080002,73.510002,72.57,90.199997,728.650024,211.080002
2022-08-12,36.299999,54.380001,45.939999,122.129997,353.820007,48.77,174.630005,51.75,37.490002,74.93,75.0,91.660004,751.830017,211.330002
2022-08-15,36.25,54.07,45.75,122.459999,355.850006,49.080002,173.929993,51.419998,37.23,74.459999,75.860001,92.019997,755.820007,216.419998
2022-08-16,36.639999,54.18,46.060001,123.629997,354.970001,49.299999,175.039993,52.009998,37.619999,74.480003,77.18,91.82,757.070007,217.139999
2022-08-17,36.41,53.759998,46.139999,122.589996,353.73999,49.029999,173.339996,51.200001,37.23,73.959999,75.459999,91.349998,743.219971,214.520004
2022-08-18,36.279999,53.549999,46.139999,121.639999,354.519989,49.009998,173.5,51.450001,37.310001,74.199997,75.75,91.730003,745.219971,215.25
2022-08-19,35.48,52.610001,45.349998,118.629997,349.269989,48.610001,170.789993,50.630001,36.540001,72.260002,73.860001,90.010002,713.849976,212.820007
2022-08-22,34.720001,51.25,44.41,116.669998,342.420013,47.599998,166.460007,49.349998,35.5,70.879997,72.550003,88.459999,695.049988,208.610001
2022-08-23,34.41,50.950001,44.369999,115.519997,340.179993,47.41,166.490005,49.27,35.619999,70.769997,72.790001,88.300003,696.969971,206.800003
2022-08-24,34.52,51.009998,44.639999,115.800003,341.940002,47.189999,167.399994,49.110001,35.619999,70.529999,73.32,88.599998,700.419983,206.669998
2022-08-25,35.139999,52.060001,45.389999,118.550003,346.48999,47.759998,168.899994,49.630001,36.240002,71.669998,74.0,89.910004,710.599976,209.820007
2022-08-26,34.029999,49.779999,43.970001,114.669998,336.399994,46.490002,162.190002,48.189999,34.950001,69.129997,71.889999,86.809998,676.440002,202.889999
2022-08-29,33.900002,49.369999,43.919998,114.389999,333.920013,46.099998,160.119995,47.939999,34.43,68.720001,71.940002,85.349998,675.890015,202.330002
2022-08-30,34.09,49.080002,44.139999,114.410004,333.630005,45.91,159.300003,47.389999,34.369999,69.080002,72.5,84.43,672.719971,201.380005
2022-08-31,33.610001,48.810001,43.709999,113.730003,332.670013,45.610001,158.0,46.84,34.150002,68.349998,70.949997,85.220001,666.390015,198.710007
2022-09-01,33.470001,48.75,43.700001,114.510002,333.5,45.869999,158.449997,46.869999,33.84,68.589996,71.720001,86.169998,664.849976,200.130005
2022-09-02,33.43,48.84,43.380001,113.709999,331.480011,45.549999,157.25,46.490002,33.669998,67.68,70.339996,86.400002,658.059998,197.759995
2022-09-06,33.060001,48.220001,42.880001,113.739998,326.48999,45.32,156.369995,46.02,33.27,68.059998,70.470001,85.129997,661.630005,198.639999
2022-09-07,33.57,48.630001,43.84,115.900002,330.559998,45.91,159.610001,47.099998,34.040001,69.739998,71.790001,86.860001,674.219971,200.419998
2022-09-08,34.650002,49.900002,45.23,118.599998,335.380005,47.049999,162.850006,48.049999,35.32,72.059998,73.160004,88.440002,691.919983,200.710007
2022-09-09,34.939999,50.669998,45.330002,119.169998,340.100006,47.580002,164.339996,48.48,35.740002,73.0,74.540001,89.459999,695.460022,205.199997
2022-09-12,35.27,50.869999,45.529999,120.580002,342.579987,47.560001,166.279999,49.540001,36.52,74.190002,74.919998,90.150002,696.809998,206.630005
2022-09-13,34.0,49.0,43.220001,116.389999,328.390015,45.18,160.850006,47.110001,34.98,72.129997,72.949997,87.050003,644.909973,199.669998
2022-09-14,33.869999,48.43,43.279999,116.120003,327.26001,45.099998,162.410004,47.349998,34.98,71.400002,72.75,87.18,643.580017,199.410004
2022-09-15,34.509998,48.439999,44.139999,117.870003,331.619995,45.869999,165.050003,48.119999,35.779999,71.400002,72.580002,88.260002,632.340027,195.369995
2022-09-16,34.119999,48.110001,43.939999,117.080002,326.209991,45.869999,163.830002,47.619999,35.029999,70.099998,71.870003,87.43,626.73999,193.300003
2022-09-19,34.689999,48.240002,44.32,118.160004,328.660004,46.150002,165.309998,47.990002,35.439999,70.870003,73.709999,88.720001,634.72998,193.130005
2022-09-20,34.169998,47.25,43.41,115.830002,323.26001,44.990002,163.830002,47.290001,35.139999,68.949997,73.349998,87.190002,622.309998,192.070007
2022-09-21,33.150002,46.330002,42.27,112.489998,320.709991,43.93,158.449997,46.0,34.259998,67.769997,72.910004,86.360001,608.090027,187.020004
2022-09-22,32.5,45.580002,41.52,111.209999,312.920013,43.029999,154.669998,44.799999,33.209999,66.080002,72.059998,84.769997,600.5,185.789993
2022-09-23,31.73,44.259998,40.41,109.139999,301.970001,42.119999,151.919998,44.34,32.799999,63.630001,70.889999,81.510002,591.390015,183.960007
2022-09-26,31.030001,42.990002,40.009998,106.790001,294.619995,41.060001,148.740005,43.419998,32.09,62.610001,70.889999,79.760002,584.650024,180.589996
2022-09-27,30.57,42.59,40.029999,105.849998,291.380005,40.959999,148.029999,43.040001,31.57,61.279999,71.629997,79.480003,578.599976,177.869995
2022-09-28,31.07,43.400002,40.810001,107.989998,300.790009,41.419998,151.589996,44.25,32.540001,63.23,73.25,81.470001,585.429993,179.179993
2022-09-29,30.66,42.389999,40.5,106.160004,296.109985,40.73,150.729996,43.970001,32.049999,61.720001,72.639999,79.860001,563.919983,180.059998
2022-09-30,30.200001,41.669998,40.220001,104.5,293.049988,40.32,149.419998,43.540001,31.959999,60.810001,71.870003,79.010002,550.280029,177.649994
2022-10-03,31.09,42.560001,41.580002,107.730003,299.149994,41.57,153.800003,44.709999,32.830002,63.110001,73.209999,80.379997,572.719971,181.649994
2022-10-04,32.380001,44.41,43.540001,112.769997,314.869995,42.630001,160.639999,46.560001,34.299999,65.610001,76.220001,83.970001,591.299988,185.649994
2022-10-05,31.92,43.84,43.310001,110.389999,309.0,42.200001,159.229996,45.860001,34.099998,65.43,75.93,83.110001,583.150024,187.669998
2022-10-06,31.459999,43.060001,42.240002,108.139999,304.670013,41.080002,155.710007,44.880001,33.529999,63.959999,75.989998,81.309998,571.609985,185.589996
2022-10-07,30.75,42.189999,41.790001,105.980003,301.079987,40.200001,151.339996,43.529999,33.099998,62.110001,74.309998,78.93,550.400024,183.830002
2022-10-10,30.66,41.599998,41.450001,104.989998,300.540009,39.830002,150.850006,43.310001,32.98,61.619999,73.559998,78.410004,545.539978,182.179993
2022-10-11,29.77,40.450001,40.23,101.959999,294.209991,38.790001,147.679993,42.43,32.419998,60.810001,71.709999,77.0,531.140015,179.139999
2022-10-12,29.860001,40.84,40.509998,103.610001,295.309998,39.110001,146.119995,42.07,32.220001,60.16,71.889999,76.599998,531.099976,178.240005
2022-10-13,31.690001,42.950001,42.380001,109.370003,307.070007,41.369999,152.970001,44.080002,34.349998,63.5,74.07,79.32,566.030029,184.660004
2022-10-14,31.700001,43.23,43.169998,111.190002,299.98999,42.759998,149.699997,43.0,33.959999,61.110001,68.980003,75.300003,550.950012,182.619995
2022-10-17,33.619999,43.59,43.959999,115.860001,306.709991,42.639999,155.850006,44.43,34.73,63.810001,67.43,77.139999,569.25,185.25
2022-10-18,34.880001,44.150002,44.669998,118.839996,313.850006,42.799999,156.160004,43.369999,34.860001,64.419998,68.610001,79.440002,581.059998,187.169998
2022-10-19,33.919998,43.34,43.619999,116.510002,311.76001,41.259998,151.699997,42.439999,33.259998,64.57,68.709999,77.639999,577.900024,186.410004
2022-10-20,33.700001,42.919998,43.650002,116.129997,310.809998,40.009998,147.979996,40.419998,31.15,64.860001,68.0,76.599998,572.359985,187.220001
2022-10-21,34.950001,44.259998,44.830002,122.230003,325.100006,40.509998,156.369995,41.509998,33.02,69.120003,70.32,79.220001,597.26001,190.369995
2022-10-24,35.07,44.41,45.200001,122.379997,328.700012,41.130001,160.440002,42.66,34.369999,70.519997,70.699997,79.43,611.440002,190.710007
2022-10-25,35.389999,45.32,45.369999,122.699997,332.399994,42.009998,163.220001,43.849998,35.349998,72.050003,72.459999,80.510002,635.940002,194.380005
2022-10-26,35.700001,45.41,45.700001,124.110001,335.690002,42.389999,161.720001,44.209999,35.509998,72.279999,72.949997,80.910004,637.799988,203.330002
2022-10-27,35.869999,45.439999,45.650002,124.599998,337.179993,42.080002,161.0,44.18,35.349998,73.099998,77.330002,80.690002,648.97998,204.289993
2022-10-28,36.18,46.130001,46.349998,126.080002,341.820007,42.860001,162.869995,45.049999,35.98,74.779999,80.190002,82.220001,663.75,209.339996
2022-10-31,36.040001,45.860001,45.990002,125.879997,344.51001,42.450001,161.830002,44.790001,35.689999,74.0,79.669998,82.169998,645.909973,207.160004
2022-11-01,36.200001,46.220001,46.950001,128.149994,348.579987,42.880001,161.809998,44.82,35.799999,74.400002,79.889999,83.720001,652.0,206.929993
2022-11-02,36.09,45.549999,46.880001,126.970001,349.790009,41.75,158.729996,43.919998,34.709999,73.879997,78.93,84.370003,638.809998,200.949997
2022-11-03,35.889999,44.580002,45.540001,127.199997,348.869995,41.5,153.309998,42.66,33.939999,73.07,78.949997,83.620003,633.809998,194.75
2022-11-04,36.790001,45.130001,46.740002,130.679993,357.910004,42.830002,156.5,43.66,35.130001,75.449997,79.050003,84.849998,656.150024,196.979996
2022-11-07,37.009998,45.73,47.07,131.369995,362.559998,43.529999,156.699997,43.98,35.040001,75.93,79.650002,85.57,676.299988,200.100006
2022-11-08,37.110001,46.119999,47.18,131.449997,364.019989,44.169998,158.660004,44.490002,35.110001,76.150002,79.629997,85.279999,686.330017,201.779999
2022-11-09,36.52,45.360001,45.970001,129.740005,362.0,43.240002,155.550003,42.689999,34.48,75.220001,78.269997,83.449997,669.619995,193.929993
2022-11-10,38.130001,48.419998,47.950001,135.080002,378.309998,44.869999,163.850006,46.040001,36.290001,79.860001,78.559998,88.800003,759.809998,205.570007
2022-11-11,38.41,50.189999,47.549999,135.300003,385.170013,44.919998,165.759995,47.259998,36.849998,80.989998,78.360001,90.779999,774.75,205.0
2022-11-14,37.759998,49.02,46.869999,133.910004,382.359985,43.849998,163.289993,46.049999,36.049999,79.0,76.470001,89.809998,741.150024,206.860001
2022-11-15,37.700001,49.029999,46.709999,132.940002,382.880005,43.77,164.139999,46.330002,36.450001,79.459999,78.300003,90.5,740.309998,209.990005
2022-11-16,37.360001,48.369999,46.209999,133.119995,382.329987,42.93,161.649994,45.529999,35.790001,78.910004,77.410004,89.82,727.030029,210.139999
2022-11-17,37.169998,48.25,45.990002,132.539993,379.779999,42.77,158.800003,45.119999,35.330002,74.510002,77.900002,88.949997,721.309998,210.990005
2022-11-18,37.189999,48.66,46.5,133.839996,379.200012,43.380001,161.160004,45.66,35.630001,75.589996,79.809998,89.199997,720.609985,210.800003
2022-11-21,37.310001,48.880001,46.84,133.050003,380.209991,43.389999,162.660004,46.130001,35.810001,76.610001,80.0,89.080002,723.700012,206.320007
2022-11-22,37.490002,49.330002,47.110001,135.039993,383.869995,43.91,164.979996,46.419998,36.330002,76.589996,81.260002,89.669998,733.450012,210.330002
2022-11-23,37.610001,48.240002,47.330002,136.479996,386.25,44.110001,166.5,46.43,36.330002,77.050003,81.410004,89.93,736.320007,211.729996
2022-11-25,37.700001,48.290001,47.439999,136.740005,388.859985,44.259998,167.649994,46.919998,36.48,77.059998,81.610001,90.910004,737.780029,213.789993
2022-11-28,36.860001,47.23,46.98,134.350006,382.359985,43.740002,162.610001,45.32,35.59,73.519997,79.830002,89.889999,721.169983,211.259995
2022-11-29,37.0,47.57,47.57,136.559998,383.709991,44.59,164.369995,45.91,36.0,73.93,80.389999,91.080002,714.0,209.059998
2022-11-30,37.849998,48.41,47.950001,138.179993,386.149994,45.389999,168.259995,46.810001,36.360001,79.669998,82.540001,93.07,716.0,217.0
2022-12-01,36.549999,47.779999,46.869999,136.240005,383.809998,45.349998,164.800003,46.220001,35.77,78.720001,81.730003,93.0,722.179993,217.0
2022-12-02,36.080002,47.240002,45.939999,135.160004,380.579987,45.639999,164.229996,45.060001,35.25,77.720001,82.459999,92.099998,712.97998,217.660004
2022-12-05,34.470001,45.639999,43.66,131.369995,371.540009,43.91,153.110001,42.59,32.950001,76.239998,81.239998,89.809998,712.76001,213.679993
2022-12-06,33.0,44.98,43.400002,131.589996,362.910004,42.939999,151.860001,41.889999,32.240002,74.360001,80.589996,87.510002,710.289978,209.080002
2022-12-07,32.740002,44.669998,42.450001,131.5,359.920013,43.560001,155.100006,41.84,32.970001,80.449997,80.190002,87.279999,709.159973,207.809998
2022-12-08,32.439999,44.689999,42.580002,132.880005,358.079987,43.560001,154.339996,42.060001,32.82,78.120003,80.25,88.690002,703.440002,209.100006
2022-12-09,32.380001,44.860001,42.5,132.160004,359.140015,43.110001,154.080002,42.080002,32.889999,79.029999,79.82,89.470001,706.950012,208.699997
2022-12-12,32.73,45.77,42.860001,134.210007,363.179993,43.459999,156.699997,43.459999,33.27,80.260002,80.290001,91.120003,709.22998,214.589996
2022-12-13,32.75,46.59,42.619999,134.080002,368.690002,44.25,154.029999,43.189999,32.939999,81.330002,77.75,92.709999,724.150024,213.039993
2022-12-14,32.279999,45.98,42.18,133.410004,360.380005,43.290001,149.619995,42.220001,32.290001,79.889999,77.32,90.5,711.52002,213.320007
2022-12-15,31.77,44.619999,41.369999,130.100006,349.829987,42.84,150.179993,41.490002,31.93,78.260002,77.059998,87.790001,698.179993,207.910004
2022-12-16,31.700001,44.349998,41.189999,129.289993,346.350006,42.150002,150.389999,41.299999,31.6,77.699997,78.190002,86.860001,700.219971,206.889999
2022-12-19,32.060001,43.93,41.82,130.059998,344.609985,41.950001,150.160004,41.119999,31.65,77.559998,78.260002,85.550003,692.469971,204.820007
2022-12-20,32.189999,43.810001,40.98,130.690002,344.48999,41.93,151.679993,41.119999,31.690001,77.989998,79.559998,85.160004,691.559998,205.360001
2022-12-21,32.68,44.810001,41.119999,132.160004,350.160004,42.709999,153.899994,41.75,31.99,78.709999,81.25,86.870003,712.940002,206.809998
2022-12-22,32.389999,43.990002,40.68,130.660004,345.579987,42.849998,154.289993,42.48,32.130001,77.849998,80.800003,86.370003,703.330017,205.059998
2022-12-23,32.470001,44.259998,40.98,131.279999,345.51001,43.200001,155.020004,42.59,32.41,77.489998,81.769997,86.110001,703.940002,205.830002
2022-12-27,32.529999,44.389999,41.040001,131.740005,341.970001,43.650002,155.960007,42.84,32.799999,77.150002,82.220001,85.059998,703.26001,206.289993
2022-12-28,32.77,44.619999,41.119999,132.460007,340.869995,43.349998,155.860001,42.549999,32.720001,76.839996,82.349998,84.459999,700.330017,204.990005
2022-12-29,33.139999,45.16,41.330002,133.220001,343.429993,43.57,157.830002,43.200001,32.810001,78.339996,82.660004,85.239998,716.150024,208.059998
2022-12-30,33.119999,45.23,41.290001,134.100006,343.380005,43.610001,157.940002,43.029999,32.810001,77.57,83.260002,85.019997,708.630005,207.759995
2023-01-03,33.509998,45.779999,41.790001,135.119995,346.220001,44.639999,159.520004,43.630001,32.639999,78.400002,81.940002,85.720001,712.039978,207.389999
2023-01-04,34.139999,46.959999,42.650002,136.380005,347.700012,46.029999,163.729996,44.849998,33.459999,79.480003,83.349998,86.650002,721.900024,212.610001
2023-01-05,34.07,46.75,42.419998,135.350006,343.76001,45.669998,159.369995,44.439999,33.130001,78.709999,83.110001,85.919998,701.23999,211.110001
2023-01-06,34.41,47.310001,42.799999,137.940002,348.079987,46.310001,164.210007,45.860001,34.470001,80.68,84.540001,87.559998,738.0,217.75
2023-01-09,33.889999,47.540001,42.389999,137.369995,353.0,46.610001,164.279999,45.799999,34.220001,80.910004,85.43,87.639999,752.98999,218.600006
2023-01-10,34.119999,48.189999,42.360001,138.600006,357.359985,46.66,164.940002,46.0,34.459999,81.459999,85.620003,88.919998,757.280029,221.089996
2023-01-11,34.380001,48.709999,42.740002,139.630005,364.480011,47.110001,165.839996,46.369999,34.32,82.339996,83.419998,89.43,755.919983,222.100006
2023-01-12,34.470001,49.09,42.830002,139.490005,369.940002,47.59,168.820007,47.18,34.900002,82.370003,83.480003,90.529999,753.960022,223.619995
2023-01-13,35.23,49.919998,44.220001,143.009995,374.0,47.330002,164.0,47.57,34.639999,82.970001,82.980003,91.660004,753.98999,223.059998
2023-01-17,34.52,50.310001,44.119999,140.800003,349.920013,47.439999,161.850006,47.150002,34.110001,83.0,83.489998,97.080002,749.72998,223.0
2023-01-18,33.720001,49.43,43.380001,136.570007,349.089996,45.810001,152.070007,45.740002,32.720001,81.540001,81.379997,96.580002,747.359985,219.460007
2023-01-19,33.23,49.369999,42.950001,134.75,350.75,45.630001,148.020004,47.709999,33.639999,80.519997,76.32,94.150002,729.869995,220.410004
2023-01-20,33.849998,51.09,43.919998,135.080002,341.839996,46.459999,154.869995,47.919998,34.610001,84.279999,77.029999,96.239998,741.710022,224.309998
2023-01-23,34.32,51.98,45.029999,137.270004,349.140015,47.669998,159.339996,48.84,35.509998,86.220001,77.730003,97.129997,748.02002,224.179993
2023-01-24,34.57,51.419998,44.450001,138.449997,348.329987,46.669998,158.419998,48.34,35.150002,87.029999,79.25,95.510002,752.070007,223.889999
2023-01-25,34.869999,51.900002,45.34,139.119995,349.630005,49.150002,160.179993,48.779999,35.759998,88.199997,79.209999,95.639999,751.25,224.899994
2023-01-26,35.34,52.189999,45.810001,139.979996,354.970001,48.700001,161.929993,48.860001,36.02,90.230003,78.050003,96.5,758.900024,224.710007
2023-01-27,35.450001,51.860001,46.119999,140.320007,353.700012,48.860001,163.169998,48.84,36.099998,90.730003,74.690002,96.860001,759.179993,231.440002
2023-01-30,35.299999,51.75,46.290001,139.130005,357.459991,48.799999,162.860001,48.450001,35.799999,90.150002,75.5,95.959999,747.859985,229.100006
2023-01-31,35.48,52.220001,46.869999,139.960007,365.809998,49.799999,165.429993,49.389999,36.290001,91.330002,77.419998,97.330002,759.210022,230.210007
2023-02-01,35.919998,52.150002,47.330002,139.589996,365.709991,49.220001,164.789993,49.630001,36.779999,92.279999,78.25,98.190002,762.630005,230.899994
2023-02-02,36.130001,52.220001,47.23,138.940002,369.470001,49.150002,166.169998,50.389999,37.849998,92.370003,76.620003,99.209999,770.72998,229.559998
2023-02-03,36.43,50.950001,47.580002,141.089996,369.950012,49.299999,165.389999,50.09,37.639999,91.080002,79.019997,99.43,757.159973,230.130005
2023-02-06,36.369999,50.860001,47.68,141.919998,370.799988,48.950001,163.0,49.599998,37.240002,90.730003,79.860001,98.900002,742.380005,229.440002
2023-02-07,36.77,51.130001,48.130001,143.649994,374.399994,49.669998,162.940002,50.029999,37.799999,92.68,81.190002,99.220001,740.820007,231.320007
2023-02-08,36.5,51.150002,48.25,142.639999,375.100006,49.07,161.559998,49.259998,37.68,93.589996,80.610001,98.959999,729.859985,230.199997
2023-02-09,35.720001,49.98,47.57,140.419998,367.98999,48.77,158.880005,47.93,37.259998,92.529999,79.580002,98.050003,715.969971,229.350006
2023-02-10,35.580002,50.110001,47.509998,141.039993,371.279999,48.700001,159.339996,48.380001,37.169998,92.580002,80.459999,98.440002,723.51001,227.199997
2023-02-13,35.650002,51.0,48.130001,142.570007,374.019989,49.09,160.979996,49.099998,37.450001,94.029999,80.419998,99.43,736.909973,228.880005
2023-02-14,35.619999,51.610001,48.5,143.199997,371.779999,49.130001,161.130005,48.82,37.189999,93.580002,80.769997,100.559998,729.150024,229.389999
2023-02-15,35.560001,51.82,47.970001,143.800003,374.339996,49.080002,160.0,48.900002,37.099998,94.110001,80.480003,100.830002,724.190002,228.919998
2023-02-16,35.279999,51.459999,47.220001,141.820007,370.200012,48.549999,158.300003,47.959999,36.66,93.269997,80.339996,99.57,713.0,225.830002
2023-02-17,35.349998,51.419998,47.490002,142.240005,368.5,48.599998,158.589996,48.490002,36.950001,92.0,80.32,99.510002,716.159973,223.559998
2023-02-21,34.52,49.84,46.240002,139.630005,361.119995,47.689999,155.479996,47.139999,36.060001,89.169998,79.900002,97.620003,695.75,220.619995
2023-02-22,34.290001,50.040001,46.009998,138.559998,360.890015,47.540001,156.300003,47.080002,35.93,88.099998,80.0,97.269997,687.409973,220.020004
2023-02-23,34.259998,50.380001,46.25,139.669998,363.540009,47.720001,158.100006,46.68,36.049999,87.110001,78.970001,97.940002,691.840027,221.130005
2023-02-24,34.209999,50.18,46.619999,140.929993,363.850006,47.639999,158.490005,47.080002,36.310001,87.169998,80.599998,97.699997,683.429993,219.550003
2023-02-27,34.209999,50.470001,46.779999,142.160004,365.529999,47.580002,157.699997,47.139999,36.07,88.809998,77.879997,96.699997,683.059998,220.350006
2023-02-28,34.299999,50.689999,46.77,143.350006,351.649994,47.73,157.919998,46.950001,36.299999,88.68,77.919998,96.5,689.429993,219.940002
2023-03-01,34.139999,51.5,46.68,142.550003,346.230011,47.310001,155.210007,46.700001,36.189999,89.510002,77.410004,96.190002,680.559998,218.360001
2023-03-02,33.490002,51.400002,45.799999,141.070007,349.100006,46.310001,150.240005,45.5,35.619999,88.769997,76.089996,96.080002,685.909973,219.059998
2023-03-03,34.16,52.349998,46.849998,143.660004,357.089996,47.110001,152.889999,46.240002,36.23,90.419998,77.410004,98.330002,695.23999,223.770004
2023-03-06,34.09,52.18,46.630001,142.820007,357.049988,47.119999,152.679993,46.139999,36.16,90.18,76.599998,98.379997,688.390015,226.75
2023-03-07,33.0,51.080002,44.450001,138.619995,346.079987,45.599998,145.720001,44.080002,34.290001,86.660004,74.949997,96.059998,674.659973,223.169998
2023-03-08,32.560001,50.68,43.84,137.800003,349.290009,45.490002,145.130005,43.77,33.689999,86.589996,76.199997,95.900002,674.359985,222.190002
2023-03-09,30.540001,48.599998,41.130001,130.339996,342.089996,42.299999,137.869995,41.619999,31.690001,82.839996,66.470001,92.199997,651.280029,220.009995
2023-03-10,30.27,48.34,41.360001,133.649994,327.670013,40.619999,137.160004,38.84,30.370001,79.870003,58.700001,90.050003,635.030029,216.139999
2023-03-13,28.51,44.740002,38.41,131.25,315.51001,36.540001,130.059998,32.240002,26.25,73.970001,51.91,87.989998,625.77002,214.470001
2023-03-14,28.76,47.400002,40.169998,134.619995,322.149994,37.509998,130.529999,31.879999,26.379999,76.739998,56.68,89.970001,637.830017,218.660004
2023-03-15,28.49,44.82,38.849998,128.259995,312.190002,35.439999,125.050003,32.099998,25.41,73.699997,59.549999,85.389999,631.73999,216.369995
2023-03-16,28.969999,45.619999,39.299999,130.75,315.089996,36.360001,130.119995,32.939999,26.459999,74.75,57.880001,87.010002,636.97998,217.449997
2023-03-17,27.82,44.25,37.759998,125.809998,303.540009,32.950001,123.720001,30.559999,24.950001,71.769997,56.41,84.18,636.710022,217.389999
2023-03-20,27.75,44.09,37.48,127.139999,309.529999,34.450001,127.349998,30.91,26.209999,73.440002,56.110001,85.639999,643.559998,218.149994
2023-03-21,28.59,45.07,38.48,130.550003,317.279999,37.52,131.619995,33.700001,27.389999,76.720001,59.470001,88.760002,662.150024,221.949997
2023-03-22,27.639999,43.709999,37.200001,127.18,313.670013,34.790001,124.400002,32.490002,25.9,73.75,56.259998,87.550003,648.320007,220.039993
2023-03-23,26.969999,43.450001,36.610001,126.839996,314.850006,35.060001,122.129997,32.57,25.34,72.690002,52.889999,85.839996,651.780029,222.589996
2023-03-24,27.139999,43.110001,36.23,124.910004,312.570007,34.900002,124.150002,32.889999,25.48,71.650002,53.259998,83.949997,644.880005,221.039993
2023-03-27,28.49,44.779999,37.470001,128.490005,318.529999,34.869999,125.019997,33.080002,26.26,73.389999,54.860001,84.639999,648.320007,221.809998
2023-03-28,28.120001,45.220001,37.18,128.880005,318.440002,35.560001,126.860001,33.419998,26.34,73.620003,53.849998,84.879997,646.23999,220.330002
2023-03-29,28.67,45.950001,37.970001,129.139999,320.720001,36.220001,128.919998,34.470001,27.030001,75.449997,55.209999,86.239998,657.219971,223.300003
2023-03-30,28.299999,46.07,37.380001,128.75,321.140015,35.450001,127.029999,33.849998,26.32,75.0,52.470001,86.110001,661.039978,222.360001
2023-03-31,28.6,46.889999,37.380001,130.309998,327.109985,36.049999,127.099998,34.099998,26.639999,75.690002,52.380001,87.800003,669.119995,225.460007
2023-04-03,28.59,46.709999,37.720001,130.160004,326.519989,35.639999,125.0,33.130001,26.4,75.459999,51.57,87.160004,666.409973,229.0
2023-04-04,27.98,46.09,36.810001,128.419998,322.649994,35.060001,122.830002,31.950001,25.610001,74.620003,50.0,84.82,659.109985,227.660004
2023-04-05,27.639999,45.77,36.889999,127.610001,321.529999,35.110001,121.43,32.02,25.77,75.589996,48.869999,83.82,656.039978,228.169998
2023-04-06,27.84,45.860001,37.900002,127.470001,322.399994,35.75,121.879997,32.740002,26.08,76.160004,49.349998,84.190002,656.400024,225.990005
2023-04-10,27.940001,46.52,38.630001,127.889999,324.959991,35.610001,122.199997,33.169998,26.290001,77.330002,51.720001,84.0,659.820007,226.429993
2023-04-11,28.709999,47.200001,39.369999,128.520004,327.369995,35.529999,122.309998,33.700001,26.530001,78.580002,51.709999,85.089996,669.679993,228.449997
2023-04-12,28.48,46.919998,39.189999,128.5,330.23999,35.400002,119.699997,33.209999,26.389999,78.209999,51.919998,85.470001,665.969971,227.809998
2023-04-13,28.559999,47.299999,39.66,128.990005,332.130005,35.380001,121.410004,33.84,26.57,78.809998,51.490002,85.690002,670.72998,232.690002
2023-04-14,29.52,49.560001,39.639999,138.729996,336.920013,34.970001,121.849998,33.25,26.440001,80.029999,50.77,86.709999,691.330017,234.020004
2023-04-17,30.370001,49.689999,41.299999,139.830002,339.679993,35.59,125.089996,34.259998,27.32,72.68,52.77,89.290001,698.359985,233.479996
2023-04-18,30.559999,50.080002,41.869999,141.399994,333.910004,35.189999,124.760002,33.849998,27.17,74.900002,54.0,89.849998,694.030029,233.600006
2023-04-19,30.059999,50.400002,42.240002,141.220001,336.890015,36.009998,128.369995,34.790001,28.02,75.290001,55.549999,90.449997,695.23999,232.570007
2023-04-20,29.9,49.400002,41.669998,140.809998,338.709991,34.759998,125.599998,33.48,27.84,74.989998,54.0,90.43,696.380005,234.600006
2023-04-21,29.870001,49.029999,41.240002,140.539993,341.660004,33.52,123.379997,31.469999,27.48,73.629997,53.799999,91.120003,680.940002,234.050003
2023-04-24,29.76,49.029999,41.450001,140.729996,343.959991,32.790001,124.269997,31.82,27.059999,73.470001,53.119999,90.199997,674.190002,232.759995
2023-04-25,28.84,47.900002,40.549999,137.669998,339.480011,31.77,123.699997,30.43,25.66,70.620003,51.029999,88.059998,659.710022,229.589996
2023-04-26,28.440001,46.860001,39.459999,135.229996,336.559998,31.52,127.849998,30.6,25.58,69.82,50.599998,88.440002,650.669983,228.149994
2023-04-27,28.889999,47.029999,39.66,137.050003,341.600006,32.57,128.020004,31.379999,25.84,71.169998,51.73,90.260002,662.679993,229.009995
2023-04-28,29.280001,47.07,39.75,138.240005,343.440002,34.279999,130.25,32.580002,26.200001,72.260002,52.240002,89.970001,671.200012,232.729996
2023-05-01,29.040001,47.25,40.389999,141.199997,340.570007,32.939999,122.0,31.52,25.82,71.529999,51.810001,87.93,662.969971,232.509995
2023-05-02,28.16,46.0,38.84,138.919998,333.369995,30.629999,119.139999,29.120001,24.51,70.290001,50.099998,86.290001,651.460022,226.979996
2023-05-03,27.860001,45.669998,38.650002,135.979996,328.649994,29.799999,116.650002,28.129999,23.959999,68.919998,48.029999,84.75,642.409973,225.979996
2023-05-04,26.99,44.900002,36.720001,134.119995,321.26001,28.98,113.639999,26.209999,23.24,66.860001,47.369999,82.610001,631.659973,225.600006
2023-05-05,27.709999,46.32,37.939999,136.740005,327.019989,30.74,116.18,28.690001,24.92,68.5,49.240002,84.879997,644.47998,231.779999
2023-05-08,27.690001,46.360001,38.380001,137.070007,326.51001,29.74,116.989998,28.75,24.41,69.07,47.630001,84.43,643.140015,232.229996
2023-05-09,27.66,46.52,38.540001,136.410004,324.769989,29.91,115.699997,28.6,24.67,68.980003,47.939999,84.370003,635.570007,233.259995
2023-05-10,27.32,46.369999,38.279999,136.479996,322.549988,29.450001,113.970001,27.9,24.24,68.5,47.549999,83.720001,629.179993,231.270004
2023-05-11,27.389999,46.029999,38.330002,136.050003,320.720001,28.92,112.699997,26.83,23.66,67.730003,47.73,82.629997,642.02002,231.009995
2023-05-12,27.09,45.450001,37.490002,134.100006,319.5,29.129999,111.580002,27.299999,23.620001,66.540001,48.939999,82.389999,645.099976,231.380005
2023-05-15,27.65,46.049999,38.77,135.229996,322.070007,29.65,113.669998,27.870001,24.219999,68.0,50.939999,82.949997,644.75,232.809998
2023-05-16,27.360001,45.279999,38.389999,134.320007,320.809998,28.68,111.589996,27.17,23.780001,66.660004,50.09,81.860001,633.830017,230.470001
2023-05-17,28.57,47.080002,40.459999,138.449997,330.179993,30.450001,119.25,28.92,25.27,68.459999,51.82,83.910004,650.640015,232.649994
2023-05-18,28.469999,46.389999,40.209999,139.5,329.579987,30.49,120.150002,29.84,25.17,69.059998,51.75,84.489998,669.330017,233.600006
2023-05-19,28.110001,45.709999,40.029999,139.179993,326.149994,30.110001,118.480003,29.700001,25.1,68.0,51.669998,82.239998,666.700012,233.309998
2023-05-22,28.34,45.790001,40.98,138.029999,324.920013,30.91,120.419998,30.58,25.450001,68.5,51.970001,82.269997,671.390015,231.279999
2023-05-23,28.58,45.91,41.209999,136.589996,323.570007,31.139999,121.489998,30.75,25.92,68.370003,52.790001,82.639999,661.530029,224.580002
2023-05-24,28.1,44.490002,40.869999,135.339996,319.809998,30.809999,120.25,30.4,25.35,67.029999,52.080002,81.220001,655.0,222.25
2023-05-25,28.17,44.23,40.900002,135.669998,323.880005,30.51,118.989998,30.530001,25.049999,67.75,54.240002,83.0,660.52002,223.380005
2023-05-26,28.309999,44.599998,41.23,136.940002,332.01001,30.67,118.779999,30.700001,25.26,68.470001,53.669998,83.900002,672.299988,225.009995
2023-05-30,28.26,44.700001,40.98,137.460007,330.829987,30.66,118.849998,31.09,25.450001,69.330002,53.84,83.419998,673.580017,221.639999
2023-05-31,27.790001,44.32,39.810001,135.710007,323.899994,29.9,115.830002,30.469999,24.27,68.019997,52.689999,81.760002,657.549988,221.029999
2023-06-01,27.780001,44.84,40.060001,137.580002,316.399994,30.52,119.739998,30.959999,24.790001,69.529999,52.700001,82.07,668.840027,226.5
2023-06-02,28.709999,46.32,41.240002,140.470001,323.649994,31.74,123.580002,32.080002,25.950001,71.550003,54.369999,84.349998,681.859985,228.789993
2023-06-05,28.540001,46.240002,40.450001,139.089996,321.809998,31.219999,123.279999,31.74,25.49,71.82,54.41,83.739998,676.48999,226.770004
2023-06-06,29.23,47.220001,41.259998,139.339996,326.799988,32.630001,126.379997,33.049999,26.780001,74.25,54.610001,85.860001,684.919983,228.220001
2023-06-07,29.48,48.009998,42.07,140.690002,335.75,33.259998,127.559998,33.48,27.120001,74.629997,55.630001,86.5,678.22998,225.270004
2023-06-08,29.23,48.099998,42.369999,140.729996,335.470001,33.060001,128.860001,33.150002,26.969999,73.529999,55.029999,86.309998,680.580017,223.050003
2023-06-09,29.27,48.299999,42.130001,141.009995,336.019989,32.860001,128.929993,32.630001,26.41,73.910004,55.0,86.209999,684.400024,223.559998
2023-06-12,29.129999,48.450001,41.830002,141.0,339.48999,32.16,127.410004,31.950001,25.92,73.07,53.970001,87.440002,682.380005,226.169998
2023-06-13,29.4,48.689999,42.650002,142.020004,342.5,32.700001,128.860001,32.400002,26.639999,74.07,54.75,88.279999,689.090027,223.399994
2023-06-14,29.120001,48.240002,42.080002,141.490005,338.420013,32.099998,126.519997,31.719999,25.950001,73.199997,54.349998,87.980003,692.450012,223.440002
2023-06-15,29.370001,48.560001,42.360001,143.089996,339.73999,33.290001,128.789993,32.220001,26.76,74.650002,55.509998,89.050003,711.190002,226.169998
2023-06-16,29.190001,48.189999,42.18,143.259995,338.309998,33.450001,128.470001,31.9,26.540001,73.769997,54.400002,88.089996,702.780029,228.910004
2023-06-20,28.870001,47.610001,41.889999,142.529999,330.720001,33.580002,126.459999,31.35,26.690001,73.160004,53.93,86.730003,690.950012,226.470001
2023-06-21,28.57,47.41,41.650002,142.320007,325.070007,33.43,126.660004,31.5,26.5,73.029999,53.970001,86.339996,689.039978,227.25
2023-06-22,27.959999,46.630001,41.060001,139.580002,319.579987,32.23,123.440002,30.610001,25.639999,72.209999,53.209999,84.5,679.380005,228.389999
2023-06-23,27.75,46.02,40.610001,138.850006,314.709991,31.879999,123.029999,30.0,25.540001,71.07,53.169998,83.580002,680.450012,229.550003
2023-06-26,28.09,46.240002,40.59,139.190002,312.359985,32.32,123.730003,30.09,25.959999,70.919998,53.41,83.589996,680.169983,226.300003
2023-06-27,28.24,46.400002,40.91,139.199997,313.450012,32.549999,124.010002,30.49,26.18,72.589996,55.220001,84.43,684.640015,227.339996
2023-06-28,28.07,46.23,40.619999,138.589996,313.660004,32.32,123.559998,30.469999,26.33,72.139999,55.779999,83.989998,685.219971,227.960007
2023-06-29,28.66,46.290001,42.450001,143.429993,323.089996,32.759998,125.68,30.639999,26.25,73.139999,57.139999,85.239998,688.210022,234.320007
2023-06-30,28.690001,46.040001,42.68,145.440002,322.540009,33.040001,125.949997,30.35,26.209999,73.18,56.68,85.400002,691.140015,237.479996
2023-07-03,29.200001,46.740002,43.400002,146.610001,326.609985,33.580002,127.529999,31.389999,26.76,74.339996,57.720001,86.410004,693.580017,237.970001
2023-07-05,29.08,46.799999,43.48,144.639999,320.049988,33.529999,126.339996,30.99,26.540001,73.529999,56.689999,85.919998,692.830017,239.449997
2023-07-06,28.280001,45.380001,42.889999,143.210007,313.0,32.990002,123.879997,30.82,26.32,72.849998,55.959999,83.330002,680.630005,238.880005
2023-07-07,28.530001,45.740002,42.77,144.339996,315.170013,33.540001,125.610001,31.879999,26.65,73.879997,56.790001,83.360001,684.099976,236.449997
2023-07-10,28.66,45.669998,42.32,145.149994,316.470001,33.740002,125.360001,32.189999,26.67,74.5,57.830002,83.400002,696.169983,238.160004
2023-07-11,29.02,46.529999,42.740002,147.419998,320.880005,34.919998,126.489998,32.48,27.059999,75.660004,57.580002,84.959999,710.200012,240.550003
2023-07-12,29.360001,47.380001,43.259998,148.149994,326.399994,35.110001,127.230003,33.02,27.190001,75.839996,58.41,85.769997,726.0,242.210007
2023-07-13,29.67,47.68,43.709999,148.869995,328.679993,35.810001,129.789993,33.619999,27.42,77.459999,59.93,86.209999,739.799988,243.309998
2023-07-14,29.110001,45.75,43.560001,149.770004,326.190002,35.330002,125.790001,33.099998,26.98,68.099998,58.52,85.779999,728.030029,243.160004
2023-07-17,29.4,46.259998,44.740002,153.380005,327.200012,35.259998,127.160004,33.43,27.309999,66.510002,58.639999,86.370003,727.869995,243.990005
2023-07-18,30.700001,47.02,45.599998,153.660004,337.269989,36.549999,130.350006,34.509998,27.93,68.290001,66.010002,91.940002,738.929993,240.770004
2023-07-19,31.530001,47.52,46.259998,154.25,340.549988,38.91,132.369995,35.59,28.5,69.379997,66.040001,93.160004,747.299988,241.419998
2023-07-20,31.690001,47.41,47.130001,156.149994,350.859985,39.139999,133.990005,33.060001,29.26,70.339996,67.940002,93.800003,750.880005,239.619995
2023-07-21,31.98,47.049999,45.959999,154.949997,351.959991,38.419998,134.259995,33.049999,28.23,70.269997,66.480003,94.010002,751.210022,239.25
2023-07-24,32.650002,47.66,46.419998,158.0,358.929993,39.259998,135.600006,33.5,28.66,71.239998,66.559998,94.669998,756.580017,240.740005
2023-07-25,32.150002,47.09,45.48,156.820007,354.700012,37.860001,133.539993,32.580002,28.030001,70.730003,65.440002,94.419998,746.02002,238.690002
2023-07-26,32.41,47.490002,46.439999,157.759995,357.559998,38.889999,136.009995,33.360001,28.530001,71.470001,66.620003,93.540001,743.159973,237.100006
2023-07-27,31.950001,47.880001,45.77,156.020004,354.51001,38.82,133.119995,31.99,28.57,70.480003,65.82,92.75,729.070007,234.440002
2023-07-28,31.9,47.41,46.139999,156.910004,353.230011,39.540001,135.5,33.009998,28.85,71.169998,65.959999,91.57,738.340027,235.75
2023-07-31,32.0,47.66,46.16,157.960007,355.869995,39.68,136.889999,33.220001,29.1,72.440002,66.099998,91.559998,738.849976,237.729996
2023-08-01,31.620001,47.07,45.709999,157.179993,357.720001,38.709999,135.429993,32.799999,28.809999,72.129997,65.720001,90.940002,732.26001,239.779999
2023-08-02,31.190001,46.310001,45.099998,155.399994,351.100006,38.43,134.119995,32.310001,28.370001,72.709999,65.339996,89.32,717.440002,237.559998
2023-08-03,31.41,46.209999,45.150002,156.350006,353.160004,39.450001,133.020004,32.279999,28.48,73.0,65.870003,89.139999,710.169983,238.759995
2023-08-04,31.299999,45.709999,44.849998,156.020004,353.220001,39.860001,131.460007,32.07,28.469999,73.139999,64.919998,88.790001,710.280029,238.990005
2023-08-07,31.879999,45.830002,45.060001,156.759995,355.559998,40.119999,132.399994,32.599998,28.58,73.900002,65.970001,89.080002,712.549988,241.509995
2023-08-08,31.27,45.16,44.48,155.880005,348.26001,40.23,130.050003,32.41,28.049999,72.730003,65.519997,88.470001,696.97998,239.289993
2023-08-09,30.860001,44.439999,43.720001,153.789993,342.690002,39.650002,127.349998,31.469999,27.5,72.230003,65.290001,87.559998,692.090027,239.759995
2023-08-10,30.940001,44.34,43.669998,153.559998,340.399994,39.490002,128.089996,31.469999,27.709999,73.129997,64.540001,87.639999,697.01001,240.160004
2023-08-11,31.290001,44.57,43.73,154.449997,340.730011,39.459999,129.940002,31.73,27.790001,73.68,64.080002,87.699997,695.609985,240.039993
2023-08-14,30.93,44.099998,43.740002,154.770004,337.73999,38.720001,127.279999,30.57,26.790001,71.339996,61.779999,87.330002,692.929993,242.899994
2023-08-15,29.940001,43.209999,42.73,150.830002,332.209991,37.639999,123.599998,29.6,25.860001,69.559998,60.970001,86.160004,672.820007,239.830002
2023-08-16,29.290001,42.639999,42.220001,150.190002,329.109985,37.049999,122.730003,29.1,25.74,68.830002,60.450001,85.989998,672.23999,239.289993
2023-08-17,29.280001,42.459999,42.470001,148.630005,327.519989,36.810001,123.5,28.969999,25.77,68.300003,59.77,85.790001,674.0,237.369995
2023-08-18,29.110001,42.25,42.5,148.970001,324.929993,36.84,123.199997,28.780001,25.59,67.949997,59.52,84.889999,670.25,238.169998
2023-08-21,29.15,42.07,42.490002,149.479996,322.059998,36.759998,122.93,28.610001,25.68,67.419998,59.400002,84.25,671.590027,239.460007
2023-08-22,28.440001,41.02,41.5,146.380005,318.790009,35.84,119.019997,28.049999,24.879999,65.849998,56.459999,82.980003,665.840027,240.570007
2023-08-23,28.450001,41.080002,41.610001,147.369995,322.329987,36.25,119.410004,28.48,25.43,67.550003,58.02,83.389999,678.77002,242.300003
2023-08-24,28.620001,41.080002,41.43,147.229996,319.959991,36.130001,117.669998,28.860001,25.719999,67.75,57.84,83.440002,673.159973,239.470001
2023-08-25,28.5,41.240002,41.23,147.050003,320.149994,35.509998,117.739998,28.809999,25.42,67.550003,58.150002,83.220001,675.960022,242.570007
2023-08-28,28.76,41.32,41.880001,147.559998,325.970001,36.02,118.410004,29.370001,25.799999,68.400002,59.049999,84.379997,679.0,243.830002
2023-08-29,29.17,41.720001,42.0,148.759995,332.549988,36.48,120.589996,30.33,26.450001,68.519997,59.450001,85.550003,691.030029,245.339996
2023-08-30,29.040001,41.369999,41.540001,148.160004,328.579987,36.380001,120.480003,30.25,26.389999,68.449997,59.779999,85.260002,695.809998,246.229996
2023-08-31,28.67,41.290001,41.290001,146.330002,327.709991,36.529999,120.730003,30.549999,26.549999,68.739998,59.150002,85.150002,700.539978,245.679993
2023-09-01,28.98,41.59,41.650002,146.820007,327.399994,37.07,122.220001,30.9,27.049999,69.849998,60.5,85.75,706.190002,248.110001
2023-09-05,28.65,41.360001,41.540001,145.199997,323.75,36.52,120.489998,30.440001,27.07,70.080002,59.68,84.839996,695.929993,245.339996
2023-09-06,28.389999,41.369999,41.02,144.960007,321.130005,36.119999,118.360001,29.719999,26.6,69.860001,58.27,84.160004,694.179993,246.160004
2023-09-07,28.129999,40.73,40.43,143.720001,321.959991,35.630001,115.769997,29.27,26.09,69.510002,57.82,83.839996,691.059998,247.139999
2023-09-08,28.360001,40.59,41.0,143.830002,325.519989,36.110001,116.93,29.780001,26.41,70.160004,59.330002,84.919998,690.619995,247.289993
2023-09-11,28.48,40.59,41.330002,144.460007,324.649994,36.200001,118.019997,30.110001,26.5,71.389999,59.82,83.510002,695.929993,247.220001
2023-09-12,28.969999,41.68,42.540001,146.339996,330.899994,37.0,124.849998,30.01,27.469999,71.489998,60.52,85.550003,697.340027,247.300003
2023-09-13,28.879999,42.369999,42.25,146.410004,334.980011,35.150002,123.610001,28.620001,27.25,71.25,58.73,87.25,697.22998,247.830002
2023-09-14,29.200001,43.139999,43.049999,149.25,344.570007,35.720001,126.970001,29.42,27.52,72.389999,59.759998,89.07,706.809998,241.5
2023-09-15,28.84,42.709999,42.950001,148.809998,342.540009,35.150002,126.349998,29.0,27.440001,71.849998,58.220001,88.410004,697.409973,241.070007
2023-09-18,28.76,42.639999,43.43,149.119995,343.320007,34.75,124.68,28.67,27.129999,71.260002,57.860001,88.709999,694.890015,244.660004
2023-09-19,28.65,42.68,43.220001,148.929993,341.890015,34.59,124.190002,28.6,26.91,70.550003,57.73,88.510002,688.960022,243.559998
2023-09-20,28.549999,42.299999,42.869999,148.300003,336.700012,34.41,123.949997,28.370001,26.809999,69.690002,56.669998,87.139999,683.47998,241.860001
2023-09-21,28.049999,41.709999,42.32,147.139999,330.23999,33.450001,122.169998,28.16,26.379999,68.82,56.009998,84.879997,668.830017,236.610001
2023-09-22,27.639999,40.919998,41.23,145.729996,327.890015,33.380001,120.849998,28.07,25.700001,67.809998,55.150002,83.290001,660.099976,235.080002
2023-09-25,27.6,41.02,41.560001,146.449997,328.839996,33.59,122.620003,28.84,25.91,67.610001,55.349998,83.029999,657.549988,233.360001
2023-09-26,27.17,40.220001,40.650002,144.929993,323.820007,33.02,121.589996,28.25,25.280001,66.830002,54.200001,82.169998,646.719971,229.649994
2023-09-27,27.27,40.459999,40.860001,145.779999,321.950012,32.52,121.809998,27.969999,24.860001,66.779999,54.380001,81.650002,643.390015,229.5
2023-09-28,27.559999,41.200001,40.91,147.589996,325.200012,32.470001,122.830002,28.23,25.030001,67.559998,54.549999,82.190002,645.23999,231.660004
2023-09-29,27.379999,41.130001,40.860001,145.020004,323.570007,33.060001,122.769997,28.610001,25.33,66.959999,54.900002,81.669998,646.48999,230.009995
2023-10-02,26.700001,40.5,39.610001,143.770004,318.5,32.139999,120.019997,27.629999,24.5,66.190002,53.549999,80.410004,643.039978,231.270004
2023-10-03,25.91,39.860001,38.669998,142.710007,306.119995,31.34,119.779999,27.190001,23.940001,64.790001,51.299999,78.019997,625.469971,228.809998
2023-10-04,25.940001,39.810001,38.970001,143.350006,308.600006,31.24,120.099998,27.17,24.02,64.459999,51.41,79.089996,636.530029,231.220001
2023-10-05,26.059999,39.880001,39.299999,142.899994,310.5,31.870001,120.379997,27.280001,24.309999,64.269997,51.060001,79.150002,640.299988,233.479996
2023-10-06,26.07,40.57,39.689999,145.100006,312.480011,31.860001,120.32,27.32,24.17,65.169998,51.52,80.330002,648.26001,235.039993
2023-10-09,26.309999,40.740002,39.700001,144.770004,312.609985,32.009998,120.860001,27.43,24.34,64.739998,51.75,79.910004,643.619995,234.440002
2023-10-10,27.01,41.439999,39.82,145.649994,314.769989,32.59,122.230003,29.25,24.99,65.440002,51.779999,80.129997,641.950012,236.600006
2023-10-11,27.02,41.529999,39.689999,146.149994,313.019989,32.509998,122.739998,29.610001,24.99,65.300003,51.91,78.900002,642.669983,235.679993
2023-10-12,26.9,41.529999,39.740002,145.809998,309.850006,32.259998,121.32,28.879999,24.5,64.089996,51.509998,77.809998,636.169983,236.779999
2023-10-13,26.76,41.43,40.959999,148.0,309.299988,32.169998,118.139999,28.41,24.27,64.279999,51.330002,77.790001,627.659973,237.669998
2023-10-16,26.99,40.950001,41.650002,147.850006,314.390015,32.619999,118.129997,29.0,24.690001,65.599998,53.720001,78.730003,635.450012,240.070007
2023-10-17,27.620001,41.200001,41.98,147.529999,309.359985,34.889999,119.129997,29.82,25.309999,67.260002,53.689999,80.330002,636.099976,241.199997
2023-10-18,27.309999,40.470001,41.529999,145.910004,301.959991,33.369999,115.690002,28.74,24.639999,68.629997,51.84,74.879997,616.690002,237.470001
2023-10-19,26.959999,40.060001,41.18,145.289993,299.190002,32.75,115.660004,28.059999,24.92,66.360001,51.900002,72.919998,622.51001,233.809998
2023-10-20,26.309999,39.68,40.27,142.949997,300.049988,30.93,111.82,27.16,23.290001,64.860001,50.869999,73.129997,614.830017,233.380005
2023-10-23,25.57,38.889999,39.48,141.0,299.220001,31.26,109.709999,27.030001,23.02,64.25,49.330002,71.699997,614.72998,231.529999
2023-10-24,25.469999,38.93,39.279999,141.169998,299.179993,31.389999,111.279999,27.559999,22.98,64.739998,49.830002,71.559998,612.390015,234.649994
2023-10-25,25.549999,38.610001,39.029999,140.399994,296.76001,31.290001,111.290001,27.959999,23.030001,64.019997,49.369999,71.400002,608.679993,236.850006
2023-10-26,26.120001,39.34,39.650002,140.759995,296.98999,31.77,114.360001,28.51,23.59,64.660004,51.43,72.07,607.070007,231.279999
2023-10-27,25.17,38.240002,38.759998,135.690002,289.910004,30.639999,111.239998,27.620001,22.889999,62.93,50.119999,70.400002,598.080017,229.270004
2023-10-30,25.690001,38.93,39.43,137.419998,300.829987,31.309999,112.889999,28.18,23.379999,63.880001,50.75,70.589996,607.119995,233.080002
2023-10-31,26.34,39.490002,39.77,139.059998,303.609985,31.879999,114.470001,28.360001,23.709999,64.629997,52.040001,70.82,612.280029,235.100006
2023-11-01,26.4,39.599998,39.610001,138.940002,307.160004,31.860001,113.459999,28.49,23.65,64.739998,52.82,70.949997,616.210022,238.580002
2023-11-02,27.620001,41.349998,40.509998,141.419998,313.76001,34.34,119.849998,29.969999,25.049999,66.68,54.93,73.459999,644.48999,243.25
2023-11-03,28.42,42.259998,41.619999,143.0,327.619995,35.490002,123.209999,31.190001,26.459999,67.760002,55.830002,76.260002,657.969971,243.600006
2023-11-06,28.33,42.040001,41.34,144.080002,323.910004,35.27,121.550003,30.74,26.120001,67.220001,55.619999,75.919998,653.219971,243.490005
2023-11-07,28.16,41.959999,41.040001,144.009995,323.950012,34.810001,120.779999,30.52,26.16,66.540001,55.23,75.510002,648.590027,244.770004
2023-11-08,27.889999,41.82,40.98,144.720001,324.559998,34.509998,120.260002,30.4,25.49,66.559998,54.900002,75.970001,654.950012,243.910004
2023-11-09,27.530001,41.5,40.400002,144.289993,320.779999,33.91,119.360001,29.15,24.82,66.519997,54.16,74.190002,651.820007,241.639999
2023-11-10,27.68,42.080002,40.889999,146.429993,325.51001,34.200001,120.43,29.389999,25.059999,67.599998,54.41,75.330002,665.0,245.25
2023-11-13,27.700001,42.700001,40.77,145.779999,326.910004,34.0,119.599998,29.35,25.110001,67.050003,53.959999,75.040001,661.450012,244.669998
2023-11-14,29.219999,44.360001,42.080002,148.440002,338.720001,36.150002,126.660004,30.98,26.68,68.940002,54.790001,78.309998,697.349976,246.940002
2023-11-15,29.620001,44.880001,42.84,149.740005,337.600006,37.18,128.960007,31.91,27.309999,69.730003,56.080002,79.68,708.840027,248.110001
2023-11-16,29.540001,44.669998,42.529999,151.449997,336.670013,37.32,129.339996,31.450001,27.129999,69.290001,55.669998,79.660004,714.900024,248.570007
2023-11-17,29.98,45.360001,42.959999,152.820007,339.190002,37.639999,130.259995,31.969999,27.559999,70.190002,56.779999,80.279999,716.859985,249.559998
2023-11-20,30.01,45.259998,42.790001,153.289993,339.450012,37.630001,130.339996,32.040001,27.67,69.949997,56.560001,79.699997,720.919983,249.970001
2023-11-21,29.66,45.09,42.599998,152.970001,334.970001,37.009998,127.970001,31.58,27.360001,69.050003,55.990002,78.470001,724.640015,252.229996
2023-11-22,29.629999,45.02,42.779999,153.330002,338.640015,36.830002,127.949997,31.49,27.190001,69.879997,55.93,78.489998,727.140015,253.720001
2023-11-24,29.73,45.23,42.919998,153.539993,339.149994,37.200001,128.699997,31.780001,27.25,70.379997,56.43,78.650002,730.099976,254.300003
2023-11-27,29.559999,45.080002,43.02,153.190002,337.709991,36.790001,128.850006,31.440001,27.190001,69.739998,56.0,77.949997,730.679993,254.139999
